"['grid service discovery', 'uddi', 'distributed web-service discovery architecture', 'dht based uddi registry hierarchy', 'deployment issue', 'bamboo dht code', 'case-insensitive search', 'query', 'longest available prefix', 'qos-based service discovery', 'autonomous control', 'uddi registry', 'scalability issue', 'soft state', 'dht', 'web service', 'grid computing', 'md', 'discovery']"
"['target detection', 'sensor network', 'path exposure', 'number of sensor', 'sensor number', 'sequential deployment', 'minimum exposure', 'random sensor placement', 'sensor field', 'target decay', 'collaborative target detection', 'deployment', 'exposure', 'value fusion']"
"['voip conferencing system', 'packet-switched network', 'audio service framework', 'virtual conferencing environment', 'conference server', 'loudness number', 'partial mixing', 'voice activity detection', 'sufficiency of three simultaneous speaker', 'three simultaneous speaker sufficiency', 'vad technique', 'vce', 'voip', 'real-time audio', 'simultaneous speaker', 'sip']"
"['malware', 'swarm worm', 'emergent intelligence', 'slammer worm', 'local communication mechanism', 'zachik', 'prng method', 'pre-generated target list', 'distributed intelligence', 'intrusion detection', 'countermeasure system', 'emergent behavior', 'internet worm', 'swarm intelligence']"
"['protocol framework', 'distributed algorithm', 'distributed system', 'service interface', 'network', 'communication', 'event-based framework', 'stack', 'module', 'request', 'reply', 'modularity', 'dynamic protocol replacement']"
"['internet-based service', 'data center migration', 'wan', 'lan', 'virtual server', 'storage replication', 'synchronous replication', 'asynchronous replication', 'network support', 'storage', 'voice-over-ip', 'voip', 'database']"
"['data', 'object-oriented application', 'mobile object framework', 'mobjex', 'java', 'metricscontainer', 'metric collection', 'proxy', 'performance and scalability', 'measurement', 'propagation and delivery', 'framework', 'adaptation', 'mobile object']"
"['distributed resource', 'data grid application', 'replication', 'co-allocation', 'large dataset', 'resource management protocol', 'replica', 'co-allocation strategy', 'server', 'performance', 'grid computing', 'data grid', 'replica selection', 'data transfer', 'globus', 'gridftp']"
"['wireless sensor network', 'localization', 'range-based localization', 'range-free scheme', 'transmission', 'performance', 'accuracy', 'localization error', 'sensor network', 'spotlight system', 'localization technique', 'distribution', 'event distribution', 'laser']"
"['biological sequence comparison', 'adaptive multi-policy grid service', 'task allocation', 'blast search', 'packageblast', 'bioinformatics', 'grid computing', 'computational biology', 'genome project', 'segmented genetic database', 'heterogeneous non-dedicated platform', 'grid environment', 'pss', 'package weighted adaptive self-scheduling', 'bioinformatic']"
"['conflex-g', 'omnirpc', 'conformational space search', 'bio-molecule', 'rpc module', 'initialization procedure', 'mpus', 'pc cluster', 'grid computing', 'grid rpc system', 'conformational space search', 'molecular mechanic', 'automatic initializable module', 'computational chemistry']"
"['grid computing', 'resource selection', 'grid environment', 'parallel computing', 'homogeneous parallel environment', 'heterogeneity of resource', 'resource heterogeneity', 'high-bandwidth local-area network', 'lower-bandwidth wide-area network', 'network link', 'communication time', 'idle time of the processor', 'the processor idle time', 'degree of parallelism', 'parallelism degree', 'overloaded resource', 'divide-and-conquer', 'self-adaptivity']"
"['overlay mesh', 'data dissemination', 'overlay network', 'ip multicast', 'multipoint communication', 'high-bandwidth data distribution', 'large-file transfer', 'real-time multimedia streaming', 'bullet', 'bandwidth probing', 'peer-to-peer', 'ransub', 'content delivery', 'tfrc', 'bandwidth', 'overlay']"
"['peer-to-peer', 'file sharing system', 'intranet', 'author', 'document', 'apocrita', 'jxta', 'distributed indexing', 'peer-to-peer distribution model', 'idle query', 'index file', 'incoming file', 'p2p searching', 'p2p', 'file share']"
"['object storage system', 'collaborative strong-consistency application', 'wide-area network', 'cooperative web caching', 'fine-grain sharing', 'transaction', 'fault-tolerance property', 'buddycache', 'dominant performance cost', 'optimistic system', 'peer fetch', 'multi-user oo7 benchmark', 'cooperative cache', 'fine-grain share', 'fault-tolerance']"
"['context-awareness', 'context provider', 'negotiation', 'context-aware computing', 'concrete negotiation model', 'distributed application', 'pervasive computing', 'reputation', 'quality of context', 'context quality', 'persuasive argument']"
"['sensor network', 'key pool', 'key predistribution', 'hierarchical hypercube model', 'security', 'pairwise key establishment algorithm', 'cluster-based distribution model', 'polynomial key', 'encryption', 'node code', 'high fault-tolerance', 'pairwise key']"
"['secure publish/subscribe system', 'distributed access control', 'multiple administrative domain', 'attribute encryption', 'multi-domain', 'overall communication overhead', 'distributed systems-distributed application', 'performance', 'encryption', 'congestion charge service', 'distribute access control', 'administrative domain']"
"['peer-to-peer streaming', 'congestion control', 'receiver-driven approach', 'receiver-driven overlay', 'distributed system', 'design', 'measurement', 'efficient overlay structure', 'pro', 'proper subset of parent peer', 'gossip-based peer discovery', 'receiver-driven parent selection', 'peer-to-peer stream']"
"['end-to-end model', 'sample-based codec', 'loss recovery and control', 'loss sensitivity', 'network support for real-time multimedia', 'quality of service', 'service quality', 'end-to-end loss recovery', 'voip traffic', 'intra-flow loss control', 'packet-level metric', 'general markov model', 'sensitivity of voip traffic', 'voip traffic sensitivity', 'queue management algorithm', 'frame-based codec', 'voice over ip', 'loss concealment', 'loss metric', 'objective speech quality measurement', 'queue management', 'differentiate service']"
"['edge indexing', 'dynamic virtual environment', 'game-based application', 'mutable virtual content', 'spatial database', 'spatial indexing method', 'real-time visibility test', 'object-initiated view model', 'object popping', '3d spatial extension', '3d object stream', 'object pop problem', 'spatial index', 'visibility model']"
"['adaptive resource management', 'distributed real-time embedded system', 'end-to-end quality of service', 'service end-to-end quality', 'hybrid adaptive resourcemanagement middleware', 'hybrid control technique', 'real-time video distribution system', 'real-time corba specification', 'video encoding/decoding', 'resource reservation mechanism', 'dynamic environment', 'streaming service', 'distribute real-time embed system', 'hybrid system', 'quality of service', 'service quality']"
"['ensemble kalman filter', 'datum assimilation methodology', 'hydrocarbon reservoir simulation', 'energy exploration', 'tigre grid computing environment', 'grid computing', 'cyberinfrastructure development project', 'high performance computing', 'tigre grid middleware', 'strategic application area', 'gridway metascheduler', 'pooling license', 'grid-enabling', 'reservoir model', 'enkf', 'tigre', 'and gridway']"
"['multi-sequence positioning', 'wireless sensor network', 'massive uva-based deploment', 'node localization', 'spatiotemporal correlation', 'event distribution', 'range-based approach', 'distribution-based location estimation', 'listen-detect-assemble-report protocol', 'marginal distribution', 'localization', 'node sequence process']"
"['wireless sensor network', 'localization', 'corner-cube retro-reflector', 'performance', 'range', 'sensor node', 'aerial vehicle', 'image processing', 'scene labeling', 'consistency', 'probability', 'unique mapping', 'connectivity']"
"['sensor datum', 'separation of datum', 'datum separation', 'analysis', 'archive', 'flooding', 'geographic hash table', 'homogeneous architecture', 'multi-tier sensor network', 'flash storage', 'metada', 'distributed index structure', 'interval skip graph', 'spatial scoping', 'interval tree', 'wireless sensor network', 'archival storage', 'index method']"
"['sensor network', 'multidimensional range query', 'distributed index', 'centralized index', 'distributed datum structure', 'datacentric storage system', 'geographic routing', 'event insertion', 'querying cost', 'indexing technique', 'query flooding', 'efficient correlation', 'locality-preserving geographic hash', 'asymptotic behavior', 'normal event distribution', 'dim', 'multi-dimensional range query']"
"['routing protocol', 'contact trace', 'delay-tolerant network', 'mobile opportunistic network', 'frequent link break', 'end-to-end path', 'random mobility model', 'realistic mobility trace', 'unicast', 'transfer probability', 'direct-delivery protocol', 'epidemic protocol', 'replication strategy', 'history of past encounter and transitivity', 'past encounter and transitivity history', 'prophet', 'opportunistic network', 'route', 'simulation']"
"['search and rescue', 'connected network', 'emergency situation', 'pervasive computing', 'satellite transmitter', 'witness', 'intermittent network connectivity', 'group and partition', 'location tracking system', 'hiker', 'gp receiver', 'rf transmitter', 'beacon', 'sensor network']"
"['fairness', 'dead-reckoning vector', 'distributed multi-player game', 'budget based algorithm', 'mean error', 'accuracy', 'scheduling algorithm', 'quantization', 'export error', 'bucket synchronization', 'network delay', 'distribute multi-player game', 'dead-reckon', 'clock synchronization']"
"['local lag', 'multiplayer game', 'consistency', 'network transmission delay', 'time warp', 'accurate state', 'correction', 'physical clock', 'usability and fairness', 'gs-dr-ll', 'distribute multi-player game', 'continuous replicate application', 'dead-reckon']"
"['remote access', 'large spatial datum', 'client-server architecture', 'spatial query evaluation', 'datum visualization', 'datum management', 'centralized peer-to-peer approach', 'network latency', 'sand', 'dynamic network infrastructure', 'web browser', 'internet-enabled database management system', 'gi', 'internet', 'client/server', 'peer-to-peer']"
"['context awareness', 'group interaction', 'software framework', 'contextaware', 'mobility system', 'fifth contextdimension group-context', 'xml configuration file', 'event-condition-action', 'sensor fusion', 'location sense']"
"['process execution', 'grid computing', 'distributed system', 'distributed application', 'distributed process', 'distributed scheduling', 'distributed execution', 'distributed computing', 'parallel computing', 'parallel execution', 'process description', 'hierarchical process execution', 'grid architecture', 'scheduling algorithm', 'process support', 'distribute middleware']"
"['congestion game', 'load-dependent failure', 'identical resource', 'nash equilibrium', 'nondecreasing cost function', 'localeffect game', 'resource cost function', 'real-valued function', 'potential function', 'failure probability', 'load-dependent failure', 'load-dependent resource failure', 'pure strategy nash equilibrium']"
"['information management system', 'distributed hash table', 'networked system monitoring', 'large-scale networked system', 'distributed operating system backbone', 'read-dominated attribute', 'write-dominated attribute', 'virtual node', 'update-upk-downj strategy', 'temporal heterogeneity', 'administrative isolation', 'autonomous dht', 'aggregation management layer', 'availability', 'eventual consistency', 'lazy re-aggregation', 'freepastry framework', 'tunable spatial replication', 'distribute hash table', 'network system monitor']"
"['spectrum content management system', 'continuous media storage', 'home-networking scenario', 'application program interface', 'content distribution network', 'uniform resource locator', 'policy manager', 'network enabled dvr', 'high-performance database system', 'carrier-grade spectrum manager', 'distribute content management']"
"['multi-player online game', 'communication proxy', 'latency compensation', 'artificial latency', 'proxy-based game architecture', 'central-server architecture', 'assignment of authority', 'authority assignment', 'first person shooter', 'role playing game', 'client authoritative approach', 'cheat-proof mechanism', 'mmog', 'distribute multi-player game', 'authority']"
"['smart market', 'network monitor', 'routing stagequality', 'verifiable monitor', 'contractible monitor', 'contracting system', 'commoditization', 'routing policy', 'clean-slate architectural design', 'innovation', 'monitor', 'contract', 'incentive']"
"['wireless sensor network-based mobile countersniper system', 'helmetmounted microphone array', 'internode communication', 'sensorboard', 'self orientation', 'trajectory', 'range', 'caliber', 'weapon type', '1degree trajectory precision', 'caliber estimation accuracy', 'sensor network', 'datum fusion', 'acoustic source localization', 'weapon classification', 'caliber estimation']"
"['streamlined functionality', 'end-to-end workflow composition', 'scheduling agent', 'service request', 'heuristic', 'scheduling service', 'business process workflow', 'business value metric', 'multi-tiered system', 'multi-organisation environment', 'qos-defined limit', 'web service', 'qo', 'workﬂows', 'schedule']"
"['visual art', 'design', 'large-scale integration of technology', 'design education', 'mac os x', 'operating system', 'high-end graphic', 'nonlinear video editing', 'animation', 'multimedia', 'web production', 'digital video application', 'xgrid environment', 'macintosh os x', 'xgrid', 'grid computing', 'cluster', 'highperformance computing', 'rendezvous', 'render']"
"['audio and video clip', 'peer-to-peer vehicular ad-hoc network', 'datum carrier', 'termed zebroid', 'mobile device', 'availability latency', 'car density', 'storage per device', 'repository size', 'replacement policy', 'naive random replacement policy', 'zebroid', 'simplified instantiation of zebroid', 'zebroid simplified instantiation', 'mobility', 'vehicular network', 'automaton', 'latency', 'markov model']"
"['web application', 'mobile wireless pda', 'web browser', 'functionality', 'pthinc', 'full-function web browser', 'pda thinclient solution', 'local pda web browser', 'thin-client', 'web browsing performance', 'video playback', 'crucial browser helper application', 'high-fidelity display', 'seamless mobility', 'system usability', 'screen resolution', 'thin-client computing', 'remote display', 'mobility', 'pervasive web']"
"['sensor-grouping', 'point-distribution index', 'wireless sensor network', 'honeycomb structure', 'surveillance', 'redundancy', 'fault tolerance', 'node-deduction process', 'incremental coverage quality algorithm', 'sleeping configuration protocol', 'sensor coverage', 'sensor group']"
"['spectrum sensing', 'rf interference', 'rf spectrum', 'cognitive radio', 'spectrum allocation', 'coordinated sensing', 'fm aggregation ', 'incremental gossip protocol', 'opportunistic spectrum sharing', 'spatially decaying aggregate', 'innetwork aggregation', 'coordinate spectrum sense', 'gossip protocol', 'fm aggregation', 'incremental algorithm']"
"['asynchronous messaging middleware ', 'mobile ad-hoc environment', 'epidemic messaging middleware', 'message-oriented middleware', 'java messaging service', 'asynchronous communication', 'epidemic protocol', 'cross-layering', 'application level routing', 'group communication', 'message orient middleware', 'middleware for mobile computing', 'mobile ad-hoc network', 'context awareness']"
"['distributed intrusion detection system', 'heterogeneous intrusion detection system', 'grid middleware', 'open grid service architecture', 'computational grid', 'intrusion detection service', 'grid intrusion detection architecture', 'integration of ids', 'ids integration', 'gridsim grid simulator', 'grid service for intrusion detection', 'intrusion detection system', 'grid', 'system integration']"
"['service-oriented event correlation', 'service management', 'fault management', 'service level agreement', 'qos', 'customer service management', 'service-oriented management', 'process management framework', 'case-based reasoning', 'rule-based reasoning', 'event correlation']"
"['distributed computation', 'immediate predecessor tracking', 'common global memory', 'message transfer delay', 'vector clock', 'tracking causality', 'vector timestamp', 'transitive reduction', 'channel ordering property', 'ipt protocol', 'checkpointing problem', 'relevant event', 'immediate predecessor', 'control information', 'piggybacking', 'causality track', 'hasse diagram', 'message-pass', 'timestamp']"
"['smart sensor', 'generic event architecture', 'temporal constraint', 'event channel', 'event-based system', 'corba', 'real-time entity', 'sensor and actuator', 'sentient object', 'dissemination quality', 'cortex', 'gear architecture', 'temporal validity', 'soft real-time channel', 'event channel', 'cosmic middleware', 'event-base communication', 'sentient computing', 'componentbase system', 'middleware architecture']"
"['manet', 'manet p2p system', 'hybrid discovery scheme', 'neighbor discovery protocol', 'negative feedback', 'query packet', 'replica invalidation', 'validation mesh', 'invalidation packet', 'manet routing protocol', 'route discovery message', 'concurrent update', 'resource discovery', 'mobile ad-hoc network']"
"['operational transformation', 'cot', 'context-based ot', 'causal-dependency', 'concurrency condition', 'concurrency relation', 'inverse operation', 'document state', 'original operation', 'transformed operation', 'inverse cluster', 'vector representation of operation context', 'operation context vector representation', 'history buffer', 'exclusion transformation', 'operation context', 'ot', 'context-base ot', 'consistency maintenance', 'undo', 'group editor', 'distribute application']"
"['relational database', 'temporal locality', 'database content', 'caching dynamic database content', 'hash-based technique', 'redundancy', 'natural chunk boundary', 'proxy', 'jdbc driver', 'resultset object', 'bboard benchmark', 'read-write operation', 'reciperesultset', 'content addressable storage', 'relational database system', 'database cache', 'wide area network', 'bandwidth optimization']"
"['energy harvesting system', 'sensor network', 'environmental energy', 'harvesting-aware power management', 'power management', 'performance scaling', 'duty cycling rate', 'network latency', 'sampling frequency', 'solar panel', 'energy tracking', 'energy neutral operation', 'storage buffer', 'duty cycle', 'power scaling', 'energy harvest', 'low power design']"
"['collaborative document processing', 'pervasive document editing and managing system', 'text editing', 'real-time transaction', 'computer supported collaborative work', 'business logic layer', 'real-time server component', 'collaborative layouting', 'hierarchical file system', 'restriction', 'granularity', 'character insertion', 'pervasive document edit and management system', 'computer support collaborative work', 'cscw', 'collaborative document']"
"['game-theoretic approach', 'caching problem', 'nash equilibrium', 'network topology', 'peer-to-peer file system', 'remote replica', 'demand distribution', 'price of anarchy', 'anarchy price', 'instrumentation server', 'primal-dual technique', 'social utility', 'submodularity', 'group strategyproofness', 'aggregation effect', 'cache', 'distribute system', 'peer-to-peer system', 'game-theoretic model']"
"['decentralized adaptive service', 'resource management', 'home environment', 'infrastructure', 'client', 'long-term service', 'eda', 'local limit', 'global limit', 'resource', 'node', 'grid computing', 'fragment object', 'adaptability']"
"['document clustering', 'regularization', 'global regularization', 'cluster hierarchy', 'spectrum', 'specified search', 'hierarchical method', 'partitioning method', 'label prediction', 'function estimation', 'manifold', 'document cluster']"
"['relevance feedback', 'image representation', 'contentbased image retrieval', 'active learning', 'least square regression model', 'optimal experimental design', 'top returned image', 'precision rate', 'intrinsic geometrical structure', 'patten recognition', 'labelling', 'image retrieval', 'active learn']"
"['search engine', 'snippet generation', 'document caching', 'link graph measure', 'performance', 'web summary', 'special-purpose filesystem', 'ram', 'document compaction', 'text fragment', 'precomputed final result page', 'vbyte coding scheme', 'semi-static compression', 'document cache']"
"['clickthrough pattern', 'caption feature', 'web search behavior', 'human factor', 'extractive summarization', 'snippet', 'query log', 'query re-formulation', 'significant word', 'clickthrough inversion', 'query term match', 'web search', 'summarization']"
"['popular destination', 'web search interaction', 'improving query', 'retrieval performance', 'related query', 'information-seeking experience', 'query trail', 'session trail', 'lookup-based approach', 'log-based evaluation', 'user study', 'search destination', 'enhance web search']"
"['efficient caching system', 'web search engine', 'static caching', 'dynamic caching', 'caching query result', 'caching posting list', 'static cache', 'answer and posting list', 'query log', 'effectiveness of static caching', 'static caching effectiveness', 'distribution of the query', 'the query distribution', 'data-access hierarchy', 'disk layer', 'remote server layer', 'cache', 'web search', 'information retrieval system']"
"['web search engine', 'large-scale inverted index', 'query load', 'pruned index', 'online search market', 'degradation of result quality', 'result quality degradation', 'pruning-based performance optimization', 'pruning technique', 'result computation algorithm', 'top-matching page', 'top search result', 'optimal size', 'pruned index', 'invert index', 'prune', 'correctness guarantee']"
"['topic detection', 'tracking', 'topic segmentation', 'local and sequential information of document', 'document local and sequential information', 'single document', 'multiple document', 'wmus', 'shared topic', 'optimal boundary', 'single-document segmentation', 'multi-document segmentation', 'cue term', 'stop word', 'term weight', 'performance of topic segmentation', 'topic segmentation performance', 'multi-document segmentation', 'share topic detection', 'topic alignment', 'mutual information']"
"['event detection', 'word trajectory', 'aperiodic event', 'periodic event', 'word signal', 'spectral analysis', 'topic detection', 'topic tracking', 'text stream', 'news stream', 'time series', 'feature categorization', 'dft', 'gaussian']"
"['short keyword query', 'web retrieval', 'web query', 'personal information repository', 'search output', 'additional query keyword', 'granularity level', 'term and compound level analysis', 'global co-occurrence statistics', 'external thesaurus', 'extensive empirical analysis', 'ambiguous query', 'quality', 'output ranking', 'personalized search framework', 'expansion process', 'various feature of each query', 'each query various feature', 'adaptive algorithm', 'significant improvement', 'static expansion approach', 'personalize web search', 'query expansion', 'desktop profile', 'keyword extraction', 'keyword co-occurrence']"
"['new event detection', 'stream of news story', 'news story stream', 'volume of news', 'news volume', 'speed up the ned task', 'news indexing-tree', 'term reweighting approach', 'ned accuracy', 'term weight', 'statistics', 'training data', 'named entity reweighting mode', 'class of story', 'story class', 'linguistic data consortium', 'baseline system', 'existing system', 'topic detection and track', 'name entity', 'real-time index']"
"['query classification', 'search engine', 'search advertising', 'machine learning', 'relevance feedback', 'voting scheme', 'crawling', 'topical taxonomy', 'affinity score', 'conditional probability', 'adaptation', 'information retrieval', 'web search', 'blind relevance feedback']"
"['search engine', 'query', 'relevant information', 'searching strategy', 'tolerable latency', 'advanced syntax', 'navigation behavior', 'search behavior', 'search success', 'relevance feedback', 'relevance', 'query syntax', 'advance search feature', 'expert search']"
"['term-based feedback', 'information retrieval', 'language modeling', 'query expansion process', 'query model', 'interactive adhoc search', 'retrieval performance', 'probability', 'kl-divergence', 'presentation term', 'query expansion', 'interactive retrieval']"
"['machine learning', 'ranked retrieval system', 'learning technique', 'mean average precision', 'optimal solution', 'relaxation of map', 'map relaxation', 'information retrieval system', 'probability', 'surrogate measure', 'loss function', 'supervised learning', 'machine learn for information retrieval', 'support vector machine', 'rank']"
"['feedback method', 'posterior distribution', 'enhanced feedback model', 'information retrieval', 'query expansion', 'probability distribution', 'pseudo-relevance feedback', 'vector space-based algorithm', 'risk', 'feedback model', 'estimating uncertainty', 'language modeling', 'feedback distribution']"
"['user profile', 'query-specific context', 'user-centric one', 'domain of interest', 'interest domain', 'context factor', 'word sense disambiguation', 'information need', 'search context', 'domain knowledge', 'utilization of general knowledge', 'general knowledge utilization', 'problem of knowledge ambiguity', 'knowledge ambiguity problem', 'context-independent', 'context information', 'domain model', 'radical solution', 'google personalized search', 'query context', 'term relation', 'language model']"
"['robust query expansion technique', 'language modeling query expansion technique', 'relevance feedback', 'pseudo-relevance feedback', 'information retrieval', 'language modeling approach', 'web search', 'query expansion', 'mrf', 'rocchio algorithm', 'language modeling framework', 'rm3', 'document routing', 'ad-hoc retrieval', 'mrf model', 'relevance distribution', 'markov random field']"
"['multinomial distribution', 'query generation probabilistic model', 'poisson distribution', 'two-stage smoothing', 'multivariate bernoullus distribution', 'speech recognition', 'term frequency', 'perterm smoothing', 'new term-dependent smoothing algorithm', 'two-stage smoothing', 'vocabulary set', 'homogeneous poisson process', 'single pseudo term', 'language model', 'poisson process', 'query generation', 'formal model', 'term dependent smooth']"
"['use of linguistic', 'linguistic use', 'external knowledge', 'computation of human interest', 'human interest computation', 'news corpus', 'question topic', 'informative nugget', 'sentence fragment', 'human reader', 'interest', 'interesting nugget', 'unique quality', 'surprise factor', 'lexical pattern', 'manual labor', 'baseline system', 'definitional question answer', 'human interest']"
"['ranking model', 'novel learning algorithm', 're-weighted training datum', 'machine learning', 'trained ranking model', 'support vector machine', 'rankboost', 'new learning algorithm', 'document retrieval', 'weak ranker', 'training process', 'ranking model tuning', 'information retrieval', 'learn to rank', 'boost']"
"['support vector machine', 'content-based filtering', 'spam filtering', 'blog', 'splog', 'link analysis', 'machine learning technique', 'link spam', 'content-based spam detection', 'bayesian method', 'incremental update', 'logistic regression', 'hyperplane', 'feature mapping', 'spam filter']"
"['random graph', 'pagerank', 'ranking', 'web graph', 'link community', 'web spam', 'keyword stuffing', 'link stuffing', 'machine learning', 'link analysis', 'seed selection algorithm', 'gaussian kernel smoothing', 'equal voting ability', 'group-to-group relation', 'diffusionrank']"
"['personal information management', 'measurement', 'experimenter', 'human factor', 're-find information', 'privacy issue', 'taxonomy', 'individual collection', 'email message', 'naturalistic approach', 'laboratory-based study', 'user evaluation']"
"['cross-language information retrieval', 'query log', 'query translation', 'query suggestion', 'query expansion', 'keyword bidding', 'search engine advertisement', 'benchmark', 'search engine', 'bidding term', 'monolingual query suggestion', 'map', 'target language query log']"
"['ranking', 'pagerank', 'mean reciprocal rank', 'mean average precision', 'normalized discounted cumulative gain measurement', 'breadth-first search crawl', 'query specificity', 'feature selection', 'link graph', 'scale and relevance', 'link-based feature', 'hyperlink analysis', 'quantitative measure', 'crawled web page', 'rank', 'hit', 'bm25f', 'mrr', 'map', 'ndcg']"
"['ir evaluation', 'network analysis', 'trec', 'information retrieval evaluation experiment', 'weighted bipartite graph', 'systems-topic graph', 'hit algorithm', 'human assessor', 'mean average precision', 'web search engine implementation', 'link analysis technique', 'inlink', 'pagerank', 'hit', 'stemming', 'social network analysis', ""kleinberg' hit algorithm""]"
"['matrix factorization', 'combining content and link', 'classification', 'web mining problem', 'link structure', 'content information', 'authority information', 'joint factorization', 'linkage adjacency matrix', 'document-term matrix', 'low-dimensional factor space', 'webkb and cora benchmark', 'relationship', 'asymmetric relationship', 'cocitation similarity', 'text content', 'factor analysis']"
"['time machine', 'text search', 'inverted file index', 'temporal search', 'approximate temporal coalescing', 'web archive', 'versioned document collection', 'collaborative authoring environment', 'timestamped information feed', 'document-content overlap', 'indexing range-based value', 'open source search-engine nutch', 'static indexpruning technique', 'validity time-interval', 'sublist materialization', 'temporal text index', 'time-travel text search']"
"['query performance prediction', 'web search environment', 'content-based query', 'homogenous test collection', 'content-based and named-page finding', 'gov2 collection', 'mixed-query situation', 'query classification', 'trec document collection', 'ranking robustness technique', 'named-page finding task', 'weighted information gain', 'wig', 'robustness score probabilitydensity classifier', 'kl-divergence', 'jensen-shannon divergence', 'web search']"
"['broad expertise retrieval', 'sparse datum environment', 'generative language modeling', 'baseline expertise retrieval method', 'organizational structure', 'intranet search', 'language model', 'expert colleague', 'trec enterprise track', 'expert finding task', 'co-occurrence', 'topicality and organizational structure', ""bayes' theorem"", 'baseline model', 'expertise search', 'expert find']"
"['contextual advertising', 'pay-per-click', 'matching mechanism', 'semantic-syntactic matching', 'keyword matching', 'hierarchical taxonomy class', 'document classifier', 'ad relevance', 'top-k ad', 'topical distance', 'contextual advertise', 'semantics', 'match']"
"['query expansion', 'query-document term mismatch', 'information retrieval', 'information search', 'document expansion', 'document processing', 'relevant document', 'evaluation']"
"['performance prediction', 'information retrieval', 'spatial autocorrelation', 'autocorrelation', 'cluster hypothesis', 'zero relevance judgment', 'relationship of predictor', 'predictor relationship', 'predictive power of predictor', 'predictor predictive power', 'language model score', 'ranking of query', 'query ranking', 'regularization']"
"['utility-based information distillation', 'temporally ordered document', 'passage ranking', 'adaptive filtering', 'ad-hoc retrieval', 'novelty detection', 'new evaluation methodology', 'answer key', 'nugget-matching rule', 'unified framework', 'ndcg metric', 'utility-base distillation', 'unify framework', 'adaptive filter', 'passage rank', 'ﬂexible user feedback', 'evaluation methodology']"
"['rank aggregation', 'information retrieval', 'datum fusion problem', 'multiple criterion framework', 'decision rule', 'outranking approach', 'metasearch engine', 'combsum and combmnz strategy', 'majoritarian method', 'ir model', 'datum fusion', 'multiple criterium approach', 'outrank method']"
"['spoken term detection', 'vocabulary', 'speech datum retrieval', 'phonetic transcript', 'vocabulary independent system', 'speech recognizer', 'indexing timestamp', 'word index', 'phonetic index', 'index merging', 'oov search', 'automatic speech recognition', 'speech retrieval', 'speak term detection', 'out-of-vocabulary']"
"['web search', 'stemming', 'lovin stemmer', 'porter stemmer', 'candidate generation', 'query segmentation', 'head word detection', 'context sensitive query stemming', 'context sensitive document matching', 'unigram language model', 'bigram language model', 'stem', 'language model']"
"['keyword search', 'document collection', 'domain-specific knowledge', 'passage-level information retrieval', 'query concept', 'conceptual ir model', 'passage map', 'aspect map', 'document map', 'retrieval model', 'document retrieval', 'passage extraction', 'biomedical document']"
"['probability function', 'inverse document frequency', 'frequency-based probability', 'poisson-based probability', 'disjointness of document', 'document disjointness', 'noise probability', 'information retrieval', 'probability theory', 'collection space', 'informativeness', 'probabilistic information retrieval', 'inverse document frequency', 'idf', 'poisson distribution', 'information theory', 'independence assumption']"
"['on-line advertising', 'paid placement strategy', 'content-targeted advertising', 'keyword targeted advertising', 'matching strategy', 'impedance coupling strategy', 'bayesian network model', 'expansion term', 'ad and keyword', 'ad placement strategy', 'advertise', 'web', 'bayesian network', 'knn']"
"['information retrieval system', 'user-centered adaptive information retrieval', 'personalized web search', 'interactive ir', 'retrieval performance', 'query refinement', 'implicit user modeling', 'query expansion', 'search accuracy', 'personalize information retrieval', 'implicit feedback', 'personalize search', 'user model', 'interactive retrieval']"
"['wireless datum dissemination', 'indexing scheme', 'location dependent datum', 'ldd', 'location based service', 'mobile user', 'datum broadcast system', 'tree structure', 'day', 'pull based datum access', 'wireless channel', 'indexing scheme', 'mapping of wireless broadcast datum', 'wireless broadcast datum mapping', 'wireless datum broadcast', 'index', 'location base service', 'datum stage']"
"['machine learning technique', 'access', 'complex digital library', 'data-driven approach', 'supervised and unsupervised learning technique', 'bureau of labor statistics', 'eigenvalue', 'bls collection', 'k-means clustering', 'multiway classification', 'digital library', 'machine learn', 'information architecture', 'interface design']"
"['vertical search', 'domain specific knowledge', 'web object-ranking', 'score fusion method', 'high-quality photo search', 'image search query', 'rank photo', 'multiple web forum', 'duplicate photo detection algorithm', 'algorithm', 'nonlinear fusion method', 'ranking function', 'web object-ranking problem', 'web object', 'image search', 'rank']"
"['modeling', 'content-based', 'recommendation system', 'linear regression', 'collaborative filtering', 'parameter', 'learning technique', 'ir', 'em algorithm', 'classification', 'rating', 'recommender system', 'information filter', 'personalization', 'bayesian hierarchical model']"
"['resource selection of distributed text information retrieval', 'distributed text information retrieval resource selection', 'federated search', 'hidden web content', 'resource representation', 'resource selection', 'retrieval and result merging', 'database recommendation', 'distributed document retrieval', 'logistic transformation model', 'semi-supervised learning', 'unified utility maximization model', 'distribute information retrieval']"
"['title extraction', 'formatting information', 'language independence', 'metada of document', 'linguistic feature', 'comparison between model', 'generality of model', 'model generality', 'usefulness of extracted title', 'extracted title usefulness', 'genre', 'classifier', 'document retrieval', 'automatic title extraction', 'information extraction', 'metada extraction', 'machine learn', 'search']"
"['pagerank', 'ranknet', 'static ranking', 'information retrieval', 'feature-based ranking', 'machine learning', 'adversarial classification', 'regression', 'relevance', 'visitation popularity', 'static rank', 'search engine']"
"['information retrieval', 'evaluation', 'relevance judgement', 'reusability', 'lowerest-confidence comparison', 'mtc', 'rtc', 'expectation', 'variance', 'distribution of relevance', 'relevance distribution', 'test collection']"
"['distance measure', 'mpeg-7-based retrieval', 'visual media', 'visual descriptor', 'media collection', 'performance indicator', 'meehl index', 'visual information retrieval', 'human similarity perception', 'predicate-based model', 'content-base image retrieval', 'content-base video retrieval', 'similarity measurement', 'distance measurement', 'similarity perception', 'mpeg-7']"
"['hidden web', 'deep web', 'keyword query', 'hidden web crawler', 'query-selection policy', 'crawling policy', 'textual database', 'generic-frequency policy', 'independence estimator', 'adaptive policy', 'hide web crawl', 'deep web crawler', 'adaptive algorithm', 'query selection']"
"['global pagerank', 'web community', 'localized search engine', 'large-scale search engine', 'link-based ranking', 'subgraph', 'global graph', 'crawling problem', 'topic-specific domain', 'local domain', 'algorithm', 'experimentation']"
"['event threading', 'automatic technique', 'flat hierarchy', 'dependency', 'novel feature', 'temporal locality', 'event recognition', 'time-ordering', 'news organization', 'topic detection', 'cluster of topic', 'topic cluster', 'inter-related event', 'seminal event', 'event model', 'quick overview', 'hidden markov model', 'flatcluster', 'atomicity', 'topic detection', 'microscopic event', 'mapping function', 'directed edge', 'time ordering', 'agglomerative clustering', 'cosine similarity', 'term vector', 'simple thresholding', 'maximum spanning tree', 'correct granularity', 'dependency precision', 'dependency recall', 'dependency f-measure', 'temporallocalization', 'timedecay', 'event', 'thread', 'cluster']"
"['relevance measurement', 'implicit feedback', 'information retrieval', 'clickthrough', 'position of top relevant document', 'top relevant document position', 'induce weight', 'predictive model', 'user preference', 'page dwell time', 'follow-up query', 'explicit relevance judgment', 'predictive behavior model', 'recall measure', 'precision measure', 'low recall', 'web search ranking', 'click spam detection', 'search abuse detection', 'personalization', 'domain-specific ranking', 'interpret implicit relevance feedback', 'user behavior model', 'predict relevance preference']"
"['adaptive filtering', 'information retrieval', 'topic detection', 'topic tracking', 'relevance feedback', 'statistical learning', 'robustness', 'systematic method for parameter tuning across multiple corpora', 'external corpus', 'validation set', 'logistic regression', 'granularity difference', 'cross-benchmark evaluation', 'utility function', 'cost function', 'penalty ratio', 'optimization criterion', 'probabilistic threshold calibration', 'rocchio-style method', 'cross-corpus parameter optimization', 'posterior probability', 'sigmoid function', 'bias', 'gaussian', 'regularization', 'lr', 'adaptive filter', 'topic track', 'rocchio']"
"['information retrieval', 'xml ir', 'baseline retrieval', 'inex', 'sog quantization', 'xml cumulated gain metric', 'cumulated gain', 'ideal gain vector', 'xcg metric reward retrieval', 'multitext system', 're-ranking algorithm', 'term frequency vector', 'priority queue', 'time complexity', 'extended tree traversal routine', 'xml', 'rank']"
"['retrieval model', 'ranking function', 'ambiguity', 'clustering view', 'meaningful cluster label', 'history collection', 'past query', 'clickthrough', 'star clustering algorithm', 'suffix tree clustering algorithm', 'search result snippet', 'monothetic clustering algorithm', 'pseudo-document', 'pairwise similarity graph', 'similarity threshold parameter', 'centroid-based method', 'cosine similarity', 'centroid prototype', 'reciprocal rank', 'log-based method', 'mean average precision', 'search result organization', 'search engine log', 'interest aspect']"
"['retrieval accuracy', 'implicit feedback information', 'relevance feedback', 'interactive retrieval', 'kl-divergence retrieval model', 'context-sensitive language', 'long-term context', 'short-term context', 'fixed coefficient interpolation', 'bayesian estimation', 'trec datum set', 'mean average precision', 'query history information', 'current query', 'clickthrough information', 'query history', 'query expansion', 'context']"
"['web search', 'ranking', 'information retrieval', 'user behavior', 'feedback', 'result', 'relevance feedback', 'user interaction', 'information', 'score', 'document', 'implicit relevance feedback', 'web search rank']"
"['geographical information retrieval', 'search engine query', 'geographic context', 'named entity recognition algorithm', 'ner', 'disambiguation result', 'place reference', 'textual string', 'web search engine', 'query string', 'search query', 'locationimplicit query', 'geographic ontology', 'geographical type expression', 'tokenization scheme', 'spelling correction mechanism', 'geographic ir', 'text mine', 'query process']"
"['implicit relevance feedback', 'search task complexity', 'relevance feedback', 'browse-based result interface', 'top-ranking sentence', 'query modification term', 'explicit rf system', 'interactive query expansion feature', 'high complexity whilst', 'moderate complexity whilst', 'introductory questionnaire', 'varying complexity', 'medium complexity', 'search precision', 'proportion feedback']"
"['information retrieval', 'topic-driven text classification', 'action-item detection', 'chi-squared feature selection', 'automated model selection', 'embedded cross-validation', 'text categorization', 'genre-classification', 'e-mail priority ranking', 'speech act identification', 'simple factual question', 'document detection', 'document ranking', 'sentence detection', 'sentence-level classifier', 'text classification', 'speech act', 'feature selection', 'e-mail', 'n-gram', 'svm']"
"['bayesian risk model', 'empirical score distribution', 'probability estimate', 'text classifier', 'parametric model', 'information retrieval', 'logistic regression framework', 'posterior function', 'asymmetric laplace distribution', 'search engine retrieval', 'symmetric distribution', 'asymmetric gaussian', 'maximum likelihood estimate', 'class-conditional density', 'decision threshold', 'text classification', 'cost-sensitive learn', 'active learn', 'classifier combination']"
"['intelligent agent', 'failure', 'dealing', 'cleanup method', 'abort-method', 'operational semantics', 'task', 'goal', 'goal construct', 'agent', 'reactive and deliberative architecture', 'formal model of agency', 'agency formal model']"
"['multi-agent learning', 'collaborative concept learning', 'learning process', 'knowledge', 'mas-consistency', 'incremental learning', 'agent', 'update mechanism', 'synchronization', 'multi-agent learn']"
"['agent reasoning', 'external behavior', 'internal state', 'agent behavior prediction', 'behavioral evolution and extrapolation', 'nonlinear dynamical system', ""agent's goal"", 'emotion', 'pheromone flavor', 'disposition', 'future behavior', 'plan recognition', 'plan inference', 'evolution', 'prediction', 'bdi', 'swarm intelligence', 'digital pheromone', 'dynamics']"
"['probabilistic parameter', 'agent', 'information sharing', 'decision making', 'fast-paced environment', 'multi-agent distributed system', 'learning mechanism', 'selective-sharing', 'parameter estimation', 'adjustable autonomy', 'interruption management']"
"['peer-to-peer information retrieval system', 'reinforcement learning', 'distributed search algorithm', 'routing decision', 'utility', 'network', 'learning algorithm', 'routing policy', 'query', 'peer-to-peer information retrieval', 'multi-agent learn', 'distribute search control']"
"['information searching and sharing', 'social network', 'cooperative agent', 'peer to peer search network', 'peer-to-peer system', 'dynamic and large scale network', 'decentralized partially-observable markov decision process', 'decentralized control', 'myopic algorithm', 'knn approach', 'gradient search scheme', 'artificial social system', 'performance', 'scalability', 'robustness', 'dependability']"
"['advanced bidding agent', 'bluscreen', 'experimental public advertisement system', 'bluetooth', 'probabilistic model', 'centralised optimal allocation', 'distributed artificial intelligence', 'decentralised multi-agent auction mechanism', 'independent poisson process', 'decision theoretic approach', 'stochastic optimisation algorithm', 'bid agent', 'auction', 'public display']"
"['on-board planning', 'satellite swarm', 'communication and negotiation', 'reactive decision rule', 'information system application', 'multiagent system', 'task and resource allocation', 'objectagent architecture', 'teamagent', 'dip', 'prospecting ant', 'cooperative distribute problem solve', 'coordination', 'cooperation and teamwork']"
"['optimal bidding strategy', 'global bidding agent', 'simultaneous second-price auction', 'non-decreasing valuation distribution', 'online market', 'multiagent system', 'market efficiency', 'perfect substitute', 'vickrey auction', 'social and behavioral science', 'utilitymaximising strategy', 'simultaneous auction']"
"['preference aggregation', 'multiagent application', 'voting theory', 'banzhaf power index', 'analysis of algorithm and problem complexity', 'algorithm and problem complexity analysis', 'social choice theory', 'automated agent voting', 'network flow game', 'probabilistic model', 'connectivity game', 'computational complexity', 'vote', 'power index']"
"['referral system', 'purchasing behaviour', 'word-of-mouth communication', 'marketing system', 'defection behaviour', 'psychological affinity', 'switching behaviour', 'word-of-mouth communication', 'agent-based model', 'social psychology', 'market barrier', 'consumer choice', 'switching cost', 'social network', 'cognitive model', 'artificial social system']"
"['shared belief map', 'multiagent teamwork', 'heuristic', 'reasoning', 'problem-solving', 'collaboration', 'teamwork', 'expectation', 'teamwork schema', 'human-agent team performance', 'cognitive load theory', 'human performance', 'resource allocation', 'task performance', 'info-sharing', 'multi-party communication', 'cognitive model', 'human-center teamwork', 'share belief map']"
"['pairwise partnership', 'decision', 'peer-to-peer application', 'information processing', 'utility', 'search cost', 'multi-equilibrium scenario', 'equilibrium strategy', 'parallel interaction', 'bounding methodology', 'coalition formation', 'partnership formation', 'partnership', 'costly environment', 'search performance', 'instantaneous decision making', 'sequential decision making', 'two-sided search', 'two-side search', 'match']"
"['managing schedule', 'distributed environment', 'agent architecture', 'schedule', 'inter-dependent activity', 'geographical separation', 'flexible time', 'centralized planning', 'management', 'scheduler-execution', 'slack', 'shortest path algorithm', 'activity allocator', 'conflict-driven approach', 'optimistic synchronization', 'inter-agent coordination', 'performance', 'multi-agent schedule']"
"['social network', 'social relationship', 'task allocation', 'utility', 'allocation', 'algorithm', 'communication message', 'behavior', 'multiagent system', 'strategic agent', 'interaction', 'agent', 'resource', 'computational complexity']"
"['knowledge representation formalism', 'social welfare function', 'complete axiomatisation', 'syntax and semantics of jal', 'jal syntax and semantics', 'discursive paradox', 'judgment aggregation rule', ""arrow's theorem"", 'expressivity', 'non-dictatorship', 'unanimity', 'preference aggregation', 'arrow logic', 'jal', 'judgment aggregation', 'modal logic']"
"['multiagent environment', 'adversarial interaction', 'adversarial environment', 'behavioral axiom', 'bilateral and multilateral instantiation', 'evaluation function', 'beneficial action', 'connect-four game', 'empirical study', 'axiomatized model', 'zero-sum encounter', 'treatment group', 'eval value', 'interaction', 'agent', 'multiagent system', 'modal logic']"
"['formal method', 'institutional norm', 'abstract constraint', 'formalism for representing organizational structure', 'entity', 'property', 'description logic', 'dynamic logic', 'terminological axiom', 'role', 'infrastructure', 'institution', 'norm', 'logic', 'organizational structure']"
"['virtual organization', 'multi-agent system', 'norm-regulated vo', 'agent', 'norm conflict', 'conflicting prohibition', 'norm inconsistency', 'external agent', 'governor agent', 'artificial social systems']"
"['algorithm', 'activity', 'scenario', 'normative position', 'protocol', 'normative scene', 'normative transition rule', 'normative structure', 'bi-partite graph', 'prohibition', 'permission overlap', 'token', 'conflict', 'regulate multi-agent system', 'norm conflict', 'electronic institution', 'organisation', 'coordination']"
"['agent', 'machine learning', 'datum mining', 'individual learning process', 'meta-reasoning', 'distributed clustering application', 'frameworks and architecture', 'unsupervised clustering', 'bayesian classifier', 'consensusbased method', 'communication and coordination', 'autonomous learning agent', 'historical information', 'multiagent learn', 'distribute machine learn', 'framework and architecture', 'unsupervise cluster']"
"['distributed allocation', 'combinatorial auction', 'coordination', 'task and resource allocation', 'bidding algorithm', 'revenue-maximizing solution', 'combinatorial optimization problem', 'agent', 'progressive adaptive user selection environment', 'branch and bound search', 'pause auction', 'search tree', 'branch-on-bid tree']"
"['multiple agent', 'negotiation framework', 'negotiation chain', 'semi-cooperative multi-agent system', 'pre-negotiation', 'multi-linked negotiation', 'agent', 'distributed setting', 'multiple concurrent task', 'virtual organization', 'sub-task relocation', 'reputation mechanism', 'complex supply-chain scenario', 'flexibility', 'multi-link negotiation']"
"['distributed constraint optimization', 'pseudotree arrangement', 'multi-agent system', 'agent', 'maximum sequential path cost', 'edge-traversal heuristic', 'cross-edged pseudotree', 'job shop scheduling', 'resource allocation', 'teamwork coordination', 'multi-valued utility function', 'global utility', 'distribute constraint satisfaction and optimization', 'multi-agent coordination']"
"['dynamics based control', 'area-sweeping problem', 'stochastic environment', 'reward function', 'partially observable markov decision problem', 'extended markov tracking', 'multi-agent system', 'target dynamics', 'action-selection randomization', 'game of tag', 'tag game', 'environment design level', 'user level', 'agent level', 'system dynamics', 'control', 'robotic', 'dynamics base control']"
"['commitment-based interaction', 'messagecentric approach', 'agent-oriented programming language', 'agent interaction', 'commitment machine framework', 'bdi-style plan', 'social commitment', 'interaction goal', 'turn tracking', 'race condition', 'belief management method', 'herme design', 'netbill interaction', 'commitment machine', 'agent orient program language', 'belief desire intention', 'bdi']"
"['modular interpreted system', 'open computational system', 'temporal and strategic logic', 'modeling methodology', 'model checking', 'multi-agent system', 'higher level representation language', 'branching time', 'computation tree logic ctl', 'alternating-time temporal logic', 'kripke structure', 'synchronous concurrent program', 'reactive module', 'model methodology', 'model check']"
"['operational semantics', 'multiagent interaction', 'institutional framework', 'pre-defined abstraction', 'organizational and communicative abstraction', 'software architecture', 'connector-based model of multi-agent interaction', 'multi-agent interaction connector-based model', 'formal execution semantics', 'organizational programming language', 'software connector', 'social interaction', 'structural operational semantics']"
"['normative system game', 'multiple goal of increasing priority', 'game theoretic property', 'kripke structure', 'computation tree logic', 'ordinal utility', 'computational complexity', 'nash implementation', 'social law', 'multi-agent system', 'desirable objective', 'constraint', 'decision making', 'normative system', 'goal', 'logic', 'game', 'complexity']"
"['multi-issue negotiation', 'crisis management', 'decision making', 'multilateral negotiation', 'modelling', 'negotiation protocol', 'multi-agent system', 'automated negotiation', 'cooperative agent', 'myriad', 'automate negotiation', 'negotiation strategy', 'multi-criterion decision make']"
"['multi-agent system', 'agent', 'resource allocation', 'distributed algorithm', 'dynamically allocated task', 'network of server', 'server network', 'server utilisation', 'adaptive process', 'competition', 'predictor', 'distribute control', 'self-organisation']"
"['computation tree logic', 'notion of plausibility', 'plausibility notion', 'reasoning', 'notion of belief', 'belief notion', 'plausibility update operator', 'logic', 'multi-agent system', 'indistinguishability', 'framework', 'semantics', 'temporal logic', 'plausibility', 'belief']"
"['multi-agent system', 'argumentation framework', 'learning agent', 'learning from communication', 'joint deliberation', 'argumentation protocol', 'collaboration', 'group', 'predictive accuracy', 'case-based policy', 'multi-agent learn', 'argumentation', 'case-base reason']"
"['argumentation-based negotiation', 'framework', 'outcome', 'theory', 'agent', 'notion of concession', 'concession notion', 'decision making mechanism', 'solution', 'information', 'belief', 'argument', 'argumentation', 'negotiation']"
"['coalition formation', 'interaction', 'multi-agent system', 'cooperative game theory', 'shapley value', 'unique and fair solution', 'polynomial time', 'mean of reaching consensus', 'reaching consensus mean', 'randomised method', 'generating function', 'approximation', 'game-theory']"
"['negotiation', 'key form of interaction', 'interaction key form', 'multiagent system', 'disputing agent', 'gain from cooperation', 'protocol', 'strategy', 'indivisible issue', 'equilibrium', 'time constraint', 'relative error', 'game-theory', 'approximation', 'online computation']"
"['negotiation', 'inefficient compromise', 'creating value', 'claiming value', 'dilemma', 'concession', 'deadlock situation', 'mediator', 'uncertainty', 'incomplete information', 'mcdm', 'automate negotiation', 'integrative negotiation', 'multi-criterion decision make']"
"['dcsp', 'constraint', 'shared environment', 'algorithm', 'backtracking', 'mediation', 'resource restriction', 'privacy requirement', 'negotiation', 'bdi', 'uma', 'distribute constraint satisfaction problem', 'belief-desireintention model', 'agent negotiation']"
"['trust model', 'heuristic', 'probability theory', 'correlation', 'datum fusion', 'dirichlet distribution', 'double counting', 'rumour propagation', 'reputation system', 'anonymity', 'overconfidence', 'multi-dimensional trust', 'rumour propogation']"
"['adversarial multiagent domain', 'agent security via approximate policy', 'security of agent system', 'agent system security', 'bayesian game', 'bayes-nash equilibrium', 'bayesian and stackelberg game', 'np-hard', 'patrolling domain', 'heuristic approach', 'decomposition for multiple adversary', 'mixed-integer linear program', 'game theory']"
"['privacy-preserving recommender system', 'multi-agent system technology', 'information search', 'retrieval-information filtering', 'distributed artificial intelligence-multiagent system', 'secure multi-party computation', 'trusted software', 'java security model', 'learning-based approach', 'feature-based approach', 'multi-agent system', 'recommender system', 'information filter', 'privacy', 'trust']"
"['agent communication language', 'dynamic semantics', 'social reasoning', 'commitment-based semantics', 'state transition system', 'reputation-based adaptation', 'mutuality of expectation', 'expectation mutuality', 'recovery mechanism', 'non-redundancy', 'social reason']"
"['self-interested agent', 'vehicular network', 'intelligent agent', 'social network', 'self-interested agent', 'journey length', 'chaos', 'selfinterested agent', 'agent-base deploy application', 'artificial social system']"
"['multiagent system', 'reinforcement learning', 'optimization', 'future atm concept evaluation tool', 'new method of estimating agent reward', 'deployment strategy', 'traffic flow', 'congestion', 'air traffic control', 'reinforcement learn']"
"['resource allocation', 'resource management', 'q-decomposition', 'real-time dynamic programming', 'complex stochastic resource allocation problem', 'planning agent', 'heuristic search', 'markov decision process', 'reward separated agent', 'stochastic environment', 'marginal revenue bound', 'marginal revenue']"
"['combinatorial resource scheduling', 'optimal resource scheduling', 'multiagent system', 'resource', 'markov decision process', 'resource allocation', 'scheduling', 'optimization problem', 'utility function', 'optimal allocation', 'discrete-time scheduling problem', 'resource-scheduling algorithm', 'resource-scheduling', 'task and resource allocation in agent system', 'multiagent plan']"
"['organizational self-design', 'organization', 'coordination', 'multiagent system', 'organizational structure', 'agent spawning', 'composition', 'task analysis', 'environment modeling', 'simulation', 'extended hierarchical task structure', 'robustness', 'organizational-self design', 'task and resource allocation']"
"['graphical model', 'agent online', 'interactive partially observable markov decision process', 'interactive dynamic influence diagram', 'sequential decision-making', 'partially observable multiagent environment', 'multiagent environment', 'nash equilibrium profile', 'independence structure', 'multi-agent influence diagram', 'network of influence diagram', 'influence diagram network', 'multiplexer', 'policy link', 'dependency link', 'influence diagram', 'interactive influence diagram', 'online sequential decision-making', 'dynamic inﬂuence diagram', 'decision-make', 'agent model']"
"['network', 'quality guaranteed policy', 'distributed partially observable markov decision problem', 'multi-agent system', 'uncertain domain', 'approximate solution', 'global optimality', 'agent interaction structure', 'network of agent', 'agent network', 'policy search', 'heuristic', 'quality guaranteed approximation', 'branch and bound heuristic search technique', 'heuristic function', 'optimal joint policy', 'network structure', 'depth first search', 'distributed sensor network', 'overall joint reward', 'maximum constrained node', 'partially observable markov decision process', 'pomdp', 'distribute pomdp', 'globally optimal solution']"
"['agent-coordination problem', 'value function propagation', 'decision-theoretic model', 'decentralized partially observable markov decision process', 'opportunity cost', 'policy iteration', 'value function propagation', 'rescue mission', 'probability function propagation', 'multiplication', 'heuristic performance', 'multi-agent system', 'decentralized markov decision process', 'temporal constraint', 'locally optimal solution', 'decentralize markov decision process']"
"['commitment', 'credibility', 'game theory', 'decision making', 'strategic position', 'freedom of action', 'action freedom', 'multiagent system', 'distributed computing', 'electronic market', 'extortion', 'stackleberg setting', 'optimal conditional commitment', 'sequential commitment type', 'induction hypothesis', 'pareto efficiency', 'pareto efficient conditional extortion']"
"['ontology', 'cooperation', 'emergent behavior', 'multi-agent field', 'dynamo', 'quantitative evaluation', 'black-box', 'parent adequacy function', 'hepatitis', 'terminological richness', 'model quality', 'dynamic equilibrium']"
"['ontology', 'multi-agent system', 'federated database', 'semantic web', 'knowledge-based system', 'disjoint union', 'sum infomorphism', 'constraint', 'information-channel refinement', 'distributed logic', 'semantic alignment', 'distribute logic', 'channel refinement']"
"['service', 'price', 'consumer preference', 'ontology', 'consumer agent', 'datum repository', 'preference learning', 'candidate elimination algorithm', 'decision tree', 'incremental decision tree', 'disjunctive cea', 'multiple version space', 'disjunctive hypothesis', 'id3', 'learning set', 'similarity metric', 'rp similarity', 'negotiation', 'inductive learn', 'semantic similarity']"
"['reputation value', 'heterogeneous agent', 'reputation model', 'interoperability', 'multiagent system', 'art testbed', 'autonomous distributed agent', 'reputation formation', 'agent architecture', 'functional ontology of reputation', 'reputation', 'trust', 'ontology', 'art testb']"
"['relevance', 'multiagent system', 'graph', 'node', 'tree', 'status', 'argumentation', 'dialogue', 'argument', 'leaf']"
"['multiagent system', 'favoured hypothesis', 'global consistency', 'consistency', 'observation set', 'sequence of time point', 'time point sequence', 'bounded perception', 'temporal path', 'topological constraint', 'hypothesis exchange protocol', 'bilateral exchange', 'mutual consistency', 'context request step', 'inter-agent communication', 'negotiation and argumentation', 'agent communication language and protocol']"
"['automated negotiation', 'multi-agent system', 'one-to-one negotiation', 'alternative proposal', 'specific meta-knowledge', 'conditional proposal', 'abductive framework', 'abductive program', 'dropping condition', 'anti-instantiation', 'inductive generalization', 'minimal explanation', 'integrity constraint', 'negotiation', 'extend abduction', 'relaxation', 'logic program']"
"['successive negotiation encounter', 'long term relationship', 'utterance', 'utilitarian interpretation', 'ontology', 'set predicate', 'multiagent system', 'logic agent architecture', 'negotiation strategy', 'view of acceptability', 'acceptability view', 'acceptance criterion', 'component dialogue', 'confidence measure', 'negotiation']"
"['multi-agent environment', 'interactive behavior', 'temporal constraint', 'interaction protocol', 'linear logic', 'multiplicative conjunction', 'classical conjunction', 'level of predictability', 'predictability level', 'pre-commitment', 'linear implication', 'emergent protocol', 'conditional commitment', 'request message', 'causal relationship', 'agent communication language and protocol', 'logic and formal model of agency and multi-agent system']"
"['trade reduction', 'budget balance', 'internal competition', 'external competition', 'efficiency', 'power of player', 'player power', 'generalized trade reduction', 'gtr', 'optimality', 'inequality in welfare', 'multi-minded player', 'budget-balanced mechanism', 'homogeneous good', 'spatially distributed market']"
"['online review', 'reputation mechanism', 'feature-by-feature estimator of quality', 'absence of clear incentive', 'clear incentive absence', 'utility of the product', 'the product utility', 'brag-and-moan model', 'rating', 'great probability bi-modal', 'u-shaped distribution', 'reputation mechanism', 'semantic orientation of product evaluation', 'correlation', 'large span of time']"
"['algorithmic game theory', 'market', 'trading network', 'interaction of buyer and seller', 'buyer and seller interaction', 'initial endowment of money', 'money initial endowment', 'bid price', 'perfect competition', 'benefit', 'maximum and minimum amount', 'economics and finance', 'strategic behavior of trader', 'trader strategic behavior', 'complementary slackness', 'monopoly', 'trade network']"
"['hypergraph', 'combinatorial auction', 'hypertree decomposition', 'well-known mechanism for resource and task allocation', 'hypertree-based decomposition method', 'hypergraph hg', 'complexity of structured item graph', 'structured item graph complexity', 'simplification of the primal graph', 'the primal graph simplification', 'structured item graph', 'fixed treewidth', 'accepted bid price', 'polynomial time']"
"['graphical game', 'nash equilibrium', 'approximation scheme', 'exponential-time algorithm', 'approximation', 'various sociallydesirable property', 'overall payoff', 'distributing profit', 'social welfare', 'integer-payoff graphical game g', 'several drawback', 'strategy profile', 'degree-bounded graph']"
"['auction', 'multiattribute auction', 'preference handling', 'theory of measurable value function', 'measurable value function theory', 'iterative auction mechanism', 'mvf', 'gaus', 'multiattribute auction', 'gai based auction']"
"['mechanism design', 'approximation algorithm', 'scheduling', 'multi-dimensional scheduling', 'cycle monotonicity', 'makespan minimization', 'algorithm', 'cycle monotonicity', 'randomized mechanism', 'usefulness of fractional mechanism', 'fractional mechanism usefulness', 'truthful mechanism design', 'fractional domain', 'schedule']"
"['auction', 'mediator', 'ex post equilibrium', 'agent', 'position auction', 'electronic commerce', 'richer class of position auction', 'next-price position auction', 'multi-agent system', 't-strategy', 'vcg outcome function', 'mediator', 'next-price position auction', 'self-price position auction', 'equilibrium']"
"['mechanism design', 'vickrey-clarke-grove', 'redistribution payment', 'efficient mechanism', 'strategy-proofness', 'individually rational mechanism', 'mechanism', 'linear vcg redistribution mechanism', 'transformation to linear programming', 'analytical characterization', 'worst-case optimal mechanism', 'vickrey-clarke-grove mechanism', 'payment redistribution']"
"['barter-exchange market', 'matching', 'column generation', 'kidney', 'transplant', 'market characteristic', 'instance generator', 'solution approach', 'edge formulation', 'cycle formulation', 'barter', 'exchange', 'match', 'branch-and-price']"
"['information market', 'dynamic parimutuel market', 'projection game model', 'prediction market', 'market scoring rule', 'spherical scoring rule', 'long-range manipulative strategy', 'social and behavioral sciences-economics', 'liquidation time', 'spherical scoring rule', 'strategic analysis', 'dpm', 'msr', 'projection game']"
"['permutation betting', 'subset betting', 'bilateral trading partner', 'polynomial-time algorithm', 'information aggregation', 'permutation combinatoric', 'pair-betting market', 'bipartite graph', 'minimum feedback', 'greedy algorithm', 'complex polynomial transformation', 'prediction market', 'expressive bet', 'order match', 'computational complexity']"
"['frugality ratio', 'bootstrapping technique', 'vertex-cover auction', 'transferable utility', 'consecutive payment bound', 'monotone allocation rule', 'co-operation', 'polynomial-time', 'nonmonotonicity', 'auction', 'frugality', 'vertex cover']"
"['combinatorial betting', 'effective probability assessment', 'arbitrary logical combination', 'compound security', 'bayesian network', 'combined-value trading', 'approximation algorithm', 'payoff vector', 'tractable case', 'base security', 'compound security market', 'computational complexity of match', 'combinatorial bet', 'trade in financial instrument base on logical formula', 'risk allocation', 'information aggregation', 'hedge', 'speculate', 'bet', 'gamble']"
"['optimal set of contract', 'contract optimal set', 'classical principalagent', 'quality of service', 'service quality', 'combinatorial agency', 'nash equilibrium', 'contractible action', 'k-orbit', 'anonymous technology', 'series-parallel network', 'price of unaccountability', 'unaccountability price', 'agency theory', 'principal-agent model', 'incentive', 'con']"
"['learning from revealed preference', 'complexity problem', 'forecast', 'probably approximately correct', 'monotone concave utility function', 'demand function', 'rationalizability', 'finite set of observation', 'observation finite set', 'income-lipschitz', 'fat shattering dimension', 'reveal preference', 'machine learn', 'fat shatter']"
"['approximately-efficient and approximately strategyproof auction mechanism', 'single-good multi-unit allocation problem', 'fully polynomial-time approximation scheme', 'vickrey-clarke-grove', 'forward auction', 'reverse auction', 'equilibrium', 'marginal-decreasing piecewise constant curve', 'bidding language', 'dynamic programming', 'approximation algorithm', 'multi-unit auction', 'strategyproof']"
"['budget optimization', 'search-based advertising auction', 'internet', 'advertiser', 'game theory', 'intriguing heuristic', 'keyword', 'uniform bidding strategy', 'vickrey clark grove', 'lp', 'generalized second price', 'sponsor search', 'optimization', 'auction', 'bid']"
"['bounded action space', 'implementation', 'dominant strategy', 'social-choice function', 'decision function', 'single-crossing condition', 'multilinear function', 'optimal mechanism', 'action-bounded mechanism', 'probability of success', 'success probability', 'mechansm design', 'single-cross condition', 'communication complexity']"
"['optimal strategy', 'multiagent system', 'simultaneous manner', 'stackelberg model', 'leadership model', 'pure strategy', 'mixed strategy', 'normal-form game', 'bayesian game', 'nash equilibrium', 'np-hardness', 'game theory', 'commitment', 'leadership', 'stackelberg', 'normal-form game']"
"['graphical game', 'large-scale distributed network', 'nash equilibrium', 'degree', 'dynamic programming-based algorithm', 'ppad-completeness', 'bounded-degree tree', 'generic algorithm', 'response policy', 'downstream pass', 'breakpoint policy', 'bounded-degree tree']"
"['multiattribute auction', 'bid', 'semantic framework', 'multiattribute utility theory', 'global allocation', 'preference', 'one-sided mechanism', 'seller valuation function', 'partial specification', 'constraint', 'combinatorial auction', 'continuous double auction', 'auction']"
"['standard continuous limit-order mechanism', 'modern equity market', 'absolute trader model', 'relative trader model', 'electronic communication network', 'market microstructure', 'high-frequency microstructure signal', 'relative price model', 'modern execution optimization', 'bid', 'quantitative trading strategy', 'penny-jumping', 'computational finance']"
"['nash equilibrium', 'p2p network', 'online system', 'gnutellum network', 'reputation system', 'bittorrent', 'emule', 'agent', 'social welfare', 'game', 'maximum entropy', 'threshold strategy', 'game theory', 'scrip system']"
"['game theory', 'game-either full omniscient knowledge', 'questionand-answer session', 'socratic game', 'priori probability distribution', 'nash equilibrium', 'constant-sum game', 'unobservable-query model', 'missing information', 'auction', 'arbitrary partial information', 'strategic multiplayer environment', 'observable-query model', 'information acquisition', 'correlate equilibrium', 'algorithm']"
"['equilibrium', 'sequential game', 'imperfect information', 'computational game theory', 'ordered game isomorphism', 'related ordered game isomorphic abstraction transformation', 'ordered signal space', 'observable action', 'nash equilibrium', 'gameshrink', 'signal tree', 'game theory', 'normative framework', 'rational behavior', 'strategy profile', 'sequential game of imperfect information', 'automate abstraction', 'equilibrium find', 'computer poker']"
"['multi-attribute coalitional game', 'coalitional game', 'cooperation', 'agent', 'diverse economic interaction', 'computational complexity', 'shapley value', 'core', 'graph', 'multi-issue representation', 'linear combination', 'unrestricted aggregation of subgame', 'polynomial function min-cost flow problem', 'min-cost flow problem', 'superadditive game', 'coalitional game theory', 'multi-attribute model', 'compact representation']"
"['sequential auction problem', 'ebay', 'empirical analysis', 'bidding strategy', 'multiple auction', 'strategic behavior', 'options-based extension', 'proxy-bidding system', 'commoditized market', 'computer simulation', 'market effect', 'trading opportunity', 'electronic marketplace', 'business-to-consumer auction', 'automated trading agent', 'online auction', 'option', 'proxy bid']"
"['revenue', 'keyword auction', 'revenue-optimal ranking', 'ranking rule', 'search engine', 'advertisement', 'sponsored search', 'rank-by-bid', 'rank-by-revenue', 'profit', 'advertising revenue', 'pricing search keyword', 'optimal auction design problem', 'sponsor search']"
"['network', 'nash equilibrium', 'power of randomization', 'randomization power', 'evolutionary game theory', 'pairwise interaction', 'undirected graph', 'evolutionary stable strategy', 'edge density condition', 'mutation set', 'natural strengthening', 'geographical restriction', 'graph topology', 'equilibrium outcome', 'relationship of topology', 'topology relationship', 'graph-theoretic model', 'game theory']"
"['alternative slot auction design', 'sponsored search', 'ad listing', 'auction-style mechanism', 'rank by bid', 'rank by revenue', 'second-price payment rule', 'incomplete information', 'multitude of equilibrium', 'equilibrium multitude', 'second pricing', 'divergence of economic value', 'divergence of value', 'combined market capitalization', 'resurgent online advertising industry', 'web search engine', 'pay per click', 'sponsor search', 'search engine', 'slot allocation', 'auction theory']"
"['viral marketing', 'stochastic model', 'recommendation network', 'purchase', 'product', 'advertisement', 'consumer', 'directed multi graph', 'probability', 'connected individual', 'pricing category', 'e-commerce', 'recommender system', 'viral market']"
"['nearest neighbor', 'collaborative filtering algorithm', 'aggregation process', 'recommender', 'rating', 'purchase', 'opinion', 'scout', 'promoter', 'connector', 'list rank accuracy', 'neighborhood', 'recommender system', 'collaborative filter', 'user-base and item-base algorithm']"
"['outcome feature of interest', 'interest outcome feature', 'supply-chain trading', 'empirical mechanism', 'parameter setting', 'observed behavior', 'two-stage game', 'player', 'participant', 'gametheoretic model', 'analysis', 'nash equilibrium', 'empirical mechanism design', 'game theory']"
"['combinatorial auction', 'price', 'polynomial demand', 'ascending-price auction', 'bidder', 'demand query', 'bound', 'approximation factor', 'optimal allocation', 'preference elicitation', 'ascend auction', 'communication complexity']"
"['expert aggregation', 'information market', 'opinion pool', 'market probability', 'price', 'pooled prediction', 'forecast', 'future event', 'expertise', 'contract', 'expert opinion', 'prediction accuracy']"
"['preference', 'preference aggregation', 'protocol', 'resource allocation', 'elicitation problem', 'communication', 'complexity', 'voting rule', 'stv', 'maximin', 'communication complexity', 'vote']"
"['multiagent system', 'self-interested agent', 'optimal action', 'game theory', 'normal form game', 'nash equilibrium', 'dominance', 'elimination', 'strategy', 'bayesian game', 'dominance', 'iterated dominance']"
"['endpoint', 'multi-hop network', 'intermediate node', 'cost', 'priority', 'cause of failure', 'failure cause', 'hidden action', 'incentive', 'moral hazard', 'principal-agent model', 'mechanism', 'contract', 'hidden-action', 'mechanism design', 'moralhazard', 'multi-hop', 'route']"
"['distributed shared cluster', 'resource allocation', 'algorithm', 'bidding mechanism', 'price-anticipating scheme', 'nash equilibrium', 'fairness', 'efficiency', 'parallelism', 'simulation', 'price of anarchy', 'anarchy price', 'utility', 'price-anticipate mechanism']"
"['mechanism design', 'auction', 'competitive analysis', 'ratio', 'benchmark', 'unlimited supply', 'aggregation auction', 'bound', 'preference', 'distribution']"
"['combinatorial auction', 'enforceable commitment', 'bid', ""bid-taker's exposure problem"", 'exposure problem', 'weighted super solution', 'mutual bid bond', 'bid withdrawal', 'robustness', 'constraint programming', 'set partition problem', 'winner determination problem', 'mandatory mutual bid bond', 'constraint program', 'weight super solution']"
"['marginal contribution', 'compact representation scheme', 'coalitional game', 'shapley value', 'treewidth', 'agent', 'interaction', 'core', 'mc-net', 'coremembership', 'markov random field', 'marginal diminishing return', 'coalitional game theory', 'representation']"
"['truthful mechanism', 'binary demand game', 'vickrey-clarke-grove', 'objective function', 'composition-based technique', 'combination', 'selfish wireless network', 'mechanism design', 'pricing', 'monotonicity property', 'cut value function', 'selfish agent', 'price', 'demand game']"
"['cost sharing', 'job scheduling', 'shapley value', 'monetary transfer', 'fairness axiom', 'queueing problem', 'agent', 'cooperative game theory approach', 'unit waiting cost', 'processing time', 'allocation rule', 'expected cost bound', 'queue problem', 'cost share', 'job schedule']"
"['decentralized incentive compatible mechanism', 'partially informed environment', 'distributed algorithmic mechanism design', 'vickrey-clarke-grove', 'dominant strategy implementation', 'distributed environment', 'computational entity', 'iterative elimination of weakly dominated strategy', 'weakly dominated strategy iterative elimination', 'cooperation', 'peer-to-peer', 'agent', 'p-informed environment', 'distribute algorithmic mechanism design']"
"['iterative combinatorial exchange', 'double auction', 'combinatorial auction', 'buyer and seller', 'trade', 'tree-based bidding language', 'price', 'winner-determination', 'bidding', 'threshold payment', 'combinatorial exchange', 'vcg', 'preference elicitation']"
"['social choice function', 'weak monotonicity', 'convex domain', 'individual preference', 'truthful implementation', 'recognition algorithm', 'nonnegative cycle property', 'truthfulness', 'affine maximizer', 'non-truthful function', 'dominant strategy', 'mechanism design', 'strategyproof', 'truthful']"
"['efficient truthful market', 'negotiation based mechanism', 'buyer and seller', 'good exchange', 'individual rationality', 'incentive compatibility', 'impossibility result', 'negotiationrange market', 'negotiation-range mechanism', 'real-world market environment', 'utility', 'zone of possible agreement', 'possible agreement zone', 'mechanism design', 'efficient market']"
"['privacy', 'electronic commerce', 'individual decision making process', 'immediate gratification', 'anonymity', 'personal information protection', 'psychological inconsistency', 'time-inconsistent preference', 'rationality', 'financial privacy', 'privacy sensitive decision', 'privacy enhancing technology', 'psychological distortion', 'self-control problem', 'hyperbolic discounting', 'hyperbolic discount']"
"['supporter of charity', 'charity supporter', 'negotiating material', 'expressive charity donation', 'combinatorial auction', 'economic efficiency', 'bidding framework', 'donation-clearing', 'bidding language', 'threshold bid', 'payment willingness function', 'linear programming', 'quasilinearity', 'incentive compatibility', 'concave bid', 'expressive negotiation', 'donation to charity', 'market clear', 'mechanism design']"
"['online scheduling of job', 'job online scheduling', 'competitive ratio', 'deterministic algorithm', 'non-strategic setting', 'deadline', 'importance ratio', 'zero laxity', 'online algorithm', 'quasi-linear function', 'deterministic mechanism', 'incentive compatibility', 'individual rationality', 'profitable deviation', 'monotonicity', 'mechanism design', 'game theory', 'schedule']"
"['p2p system', 'selfinterested user', 'incentive for cooperation', 'game-theoretic approach', 'maxflow-based algorithm', 'reciprocative peer', 'adaptive stranger policy', 'mutual cooperation', 'asymmetric payoff', 'generosity', 'parameter nominal value', 'reciprocative decision function', 'whitewasher', 'stranger adaptive', 'stranger defect', 'incentive', 'peer-to-peer', 'free-ride', 'reputation', 'collusion', 'cheap pseudonym', 'whitewash', 'prisoner dilemma']"
"['diffusion process', 'game-theoretic diffusion model', 'strategic incompatibility', 'bilinguality', 'limited compatibility', 'interoperability', 'non-convexity property', 'characterization', ""morris's theorem"", 'contagion threshold', 'contagion game', 'potential function', 'algorithmic game theory', 'contagion on network', 'diffusion of innovation', 'innovation diffusion']"
"['mechanism design', 'desirable outcome', 'manipulability', 'preference aggregator', 'individual rationality', 'nonmanipulable mechanism', 'statistical knowledge', 'classical mechanism', 'payment maximizing', 'fallback outcome', 'automated mechanism design', 'minsat', 'self-interested amd', 'complementarity', 'automate mechanism design', 'combinatorial auction', 'revenue maximization']"
"['risk allocation', 'information speculation', 'dynamic pari-mutuel market', 'dpm', 'hybrid', 'pari-mutuel market', 'continuous double auction', 'cda', 'infinite buy-in liquidity', 'zero risk', 'market institution', 'event resolution', 'selling', 'gain', 'loss', 'trader interface', 'double auction format', 'bid-ask queue', 'payoff per share', 'price function', 'automated market maker', 'demand', 'price', 'automate market maker', 'compound security market', 'combinatorial bet', 'information aggregation', 'trade', 'hedge', 'speculate', 'bet', 'wager', 'gamble']"
"['parallel', 'preference elicitation problem', 'combinatorial auction', 'learning', 'learning theory', 'learning algorithm', 'preference elicitation algorithm', 'elicitation algorithm', 'polynomial number of query', 'query polynomial number', 'polynomial communication', 'resulting algorithm', 'conversion procedure', 'combinatorial auction protocol', 'polynomial', 'monotone dnf', 'linear-threshold function', 'xor bid', 'polynomial communication', 'preference elicitation', 'learn']"
"['online model', 'modern financial market', 'volume weighted average price trading model', 'limit order book trading model', 'competitive algorithm', 'online algorithm', 'stock trading', 'sequence of trade', 'trade sequence', 'share', 'market order', 'online trade', 'competitive analysis', 'vwap']"
"['cheating', 'sealed-bid', 'auction', 'bidsecond-price auction', 'agent', 'case', 'seller', 'first-price auction', 'payment', 'possibility', 'game theory', 'sealed-bid auction', 'cheat']"
"['cost sharing connection game', 'number of player', 'player number', 'single source and sink', 'single source multiple sink', 'multi source and sink', 'cost of the edge', 'the edge cost', 'fair connection game', 'general connection game', 'graph topology', 'strong equilibrium', 'coalition', 'specific cost', 'extension parallel graph', 'optimal solution', 'game theory', 'nash equilibrium', 'price of anarchy', 'anarchy price', 'strong price of anarchy', 'network design', 'cost share game']"
"['economic theory', 'empirical and laboratory evidence', 'equilibrium price', 'financial security', ""security's value"", 'computational process', 'path toward equilibrium', 'trader', 'market price', 'simplified model', 'trading strategy', 'computational property of the process', 'security', 'payoff', 'threshold function', 'probability distribution', 'round', 'number of bit', 'bit number', 'distributed information', 'lower bound', 'worst case', 'information market', 'distribute information market', 'market computation', 'information aggregation', 'convergence to equilibrium', 'rational expectation', 'efficient market hypothesis']"
