"['entropy ramsey graphs', 'ramsey graphs entropy', 'polynomial entropy ramsey', 'ramsey bipartite graphs', 'bipartite ramsey graphs', 'entropy ramsey', 'ramsey graphs frankl', 'extractors entropy', '2n ramsey graphs', 'ramsey graphs']"
"['probabilistic retrieval model', 'probabilistic retrieval models', 'information retrieval models', 'probabilistic retrieval', 'retrieval models', 'probabilities probabilistic retrieval', 'retrieval retrieval models', 'retrieval model', 'combination probabilistic retrieval', 'problem probabilistic retrieval']"
"['crawling systems', 'high performance crawling', 'performance crawling', 'high performance crawlers', 'performance crawlers', 'distributed web crawling', 'scalable crawling', 'crawler general approach', 'general crawling strategies', 'web crawling']"
"['mobile access network', 'hiperlan access network', 'public wireless access', 'cellular access', 'mobile access', 'hiperlan 3g access', 'hiperlan mobile access', 'hiperlan interworking 3g', 'cellular access hiperlan', 'hiperlan access networks']"
"['graphics schematic depictions', 'schematic depictions using', 'visualization shadow', 'schematic depictions', '2d information displays', 'visual information', 'visualization interaction', 'spatial description presentation', '2d visualization shadow', 'graphic 2d information']"
"['targeted advertising keywords', 'match ads keywords', 'advertising search', 'advertising keywords', 'associating ads web', 'matching ads web', 'ads keywords', 'targeted advertising ads', 'matching ads terms', 'strategies keyword advertising']"
"['information technology curriculum', 'information technology education', 'information science education', 'technology model curriculum', 'information technology model', 'technology curriculum', 'information computer science', 'information systems computer', 'basic information technology', 'technology education']"
"['modeling personalized search', 'personalized search agent', 'model personalized search', 'modeling information retrieval', 'personalized web search', 'personalized search studied', 'specific retrieval models', 'information retrieval model', 'retrieval models relevance', 'retrieval implicit user']"
"['nearest neighbor search', 'nearest neighbour search', 'searches nearest', 'closest objects query', 'algorithms nearest neighbor', 'distance computations search', 'search tree distance', 'distance search', 'searches distance', 'nearest neighbour object']"
"['embedded interpreters', 'embedded interpreters macros', 'embedded interpreters regard', 'generation debuggers interpreters', 'debuggers interpreters', 'interpreters embedded', 'interpreters macros', 'evaluate interpreters', 'embedded interpreters regexp', 'evaluation embedded interpreters']"
"['mining sequential patterns', 'sequential pattern mining', 'algorithms incremental mining', 'example incremental mining', 'sequential mining algorithms', 'sequential mining', 'incremental mining', 'incremental frequent pattern', 'sequence mining', 'issues incremental mining']"
"['rdf api implementations', 'rdf infrastructure', 'semantic web distributed', 'rdf repositories', 'rdf infrastructures', 'rdf repositories abstract', 'rdf storage retrieval', 'sources rdf infrastructure', 'rdf querying', 'distributed rdf querying']"
"['evaluators abstract machines', 'evaluator abstract machine', 'evaluators interpreters', 'abstract machine evaluator', 'monadic evaluator', 'monadic evaluator yields', 'function abstract machine', 'abstract machine terms', 'passing evaluators interpreters', 'function abstractions']"
"['similarity trajectories', 'detection similar trajectories', 'time warping trajectories', 'similarities trajectory datasets', 'expensive similarity measures', 'providing similarity measures', 'discovery closest trajectories', 'index multidimensional trajectories', 'lcss similarity trajectories', 'similar trajectories']"
"['retrieval language tutoring', 'retrieval language', 'detailed retrieval models', 'information retrieval language', 'retrieval retrieval models', 'reap information retrieval', 'retrieval models', 'detailed retrieval', 'based retrieval extensibility', 'retrieval retrieval']"
"['queries local pages', 'global pages queries', 'pages geographical locality', 'queries global pages', 'geographical locality queries', 'pages global queries', 'discussing query categorization', 'global local queries', 'pages geographical scope', 'query local pages']"
"['online privacy', 'site privacy', 'online privacy problems', 'risk social networking', 'usage site privacy', 'users attitudes privacy', 'privacy implications privacy', 'personal privacy', 'identifiable facebook', 'privacy attitudes college']"
"['hyperlinks enhanced topic', 'hyperlink induced topic', 'web hyperlink analysis', 'topic model web', 'model hyperlinks enhanced', 'hyperlink analysis', 'hyperlinks enhanced', 'aware hyperlink based', 'generalizing hyperlinks', 'hyperlink based']"
"['information assurance education', 'information assurance training', 'information assurance it2005', 'education information assurance', 'technology information assurance', 'study information assurance', 'information assurance security', 'information technology curriculum', 'advancing information assurance', 'information assurance']"
"['perceptual user interfaces', 'interactive use crayons', 'interactive classification', 'interactive machine learning', 'classify interactive', 'new perceptual interface', 'perceptual interface classification', 'classify interactive use', 'perceptual interface', 'user interfaces']"
"['frequent itemsets based', 'frequent itemsets database', 'frequent itemsets finding', 'frequent itemsets data', 'frequent itemsets association', 'frequent itemsets given', 'frequent itemsets', 'frequent attribute sets', 'association rules database', 'collection frequent itemsets']"
"['interference evaluation bluetooth', 'wlan bluetooth performance', 'bluetooth wlan performance', 'interference bluetooth devices', 'interference bluetooth', 'bluetooth interference', 'wlan bluetooth devices', 'wlan bluetooth', 'interference performance bluetooth', 'interference wlan bluetooth']"
"['information displays', 'presenting information displays', 'conventional information displays', 'display peripheral awareness', 'displays infocanvas', 'awareness displays systems', 'communicate information glance', 'displays informative', 'peripheral awareness displays', 'infocanvas displays']"
"['constraints 3d graphics', 'graphics geometric constraints', '3d geometric constraints', 'geometric constraint library', '3d geometric layout', 'constraints user interface', 'coordinates geometric constraints', 'geometric constraints constructing', 'constraints geometric constraints', 'geometric constraint solvers']"
"['centric storage kddcs', 'storage kddcs scheme', 'balanced network data', 'contention storage sensors', 'sensors distributed', 'queries sensor networks', 'distributed sensors', 'sensor network queries', 'efficient distributed', 'sensor networks query']"
"['language topic tracking', 'tracking topics', 'detection topic tracking', 'topic tracking', 'tracking native topic', 'modeling topic tracking', 'topic model tracking', 'tracking topic model', 'topic topic tracking', 'topic detection tracking']"
"['lazy preservation website', 'web archives', 'repositories lazy preservation', 'lazy preservation downloading', 'website preservation', 'website preservation perspective', 'web archives search', 'archiving individual websites', 'reconstructing websites', 'web repositories reconstruct']"
"['imbalance svms', 'support vector machines', 'clusters svms', 'support cluster machines', 'data training svms', 'classification clusters', 'machines svms', 'svms imbalanced', 'training svms', 'imbalanced support vector']"
"['web search interfaces', 'web search resources', 'web search', 'query language web', 'web query languages', 'querying web resources', 'query languages web', 'querying web', 'acquiring query languages', 'query language acquisition']"
"['object clustering', 'dissimilarity measure clusters', 'text mining dissimilarity', 'similar traditional clustering', 'cluster dependent keywords', 'representation data clusters', 'document clustering', 'cluster dissimilarity', 'relative cluster dissimilarity', 'feature weighting clustering']"
"['semi supervised kernel', 'semi supervised kernels', 'classification unified kernel', 'unified kernel logistic', 'supervised kernel machine', 'supervised learning kernel', 'supervised kernels labeled', 'unified kernel machines', 'supervised kernel', 'supervised kernels implemented']"
"['computer graphics architecture', '3d graphics hardware', '3d graphics accelerator', '3d graphics architectures', 'performance 3d graphics', 'graphics architecture', 'microprocessor specialized graphics', 'architecture computer graphics', 'graphics hardware architecture', '3d computer graphics']"
"['indexing broadcast data', 'index data broadcast', 'indexing broadcast', 'wireless data dissemination', 'data location broadcast', 'broadcast index', 'data dissemination', 'related indexing broadcast', 'based indexing scheme', 'discusses indexing scheme']"
"['online bayesian bagging', 'bayesian online bagging', 'smaller bayesian bagging', 'batch bayesian bagging', 'bagging bayesian bagging', 'bayesian batch bagging', 'models bagged prediction', 'bagged prediction', 'lossless online bayesian', 'bayesian bagging']"
"['web table detection', 'table detection web', 'table understanding web', 'based table detection', 'tables web documents', 'tables table detection', 'genuine tables web', 'web documents tables', 'web document table', 'table detection feature']"
"['illumination techniques hashing', 'rendering photon mapping', 'tracing photon mapping', 'accelerated rendering photon', 'based photon mapping', 'shaders photon mapping', 'latency photon mapping', 'photon mapping application', 'photon block hash', 'photon blocks hash']"
"['greedy oblivious schedulers', 'information oblivious scheduler', 'oblivious scheduler propose', 'oblivious schedulers', 'oblivious scheduler assigns', 'guarantee oblivious scheduler', 'oblivious schedulers known', 'oblivious scheduler perform', 'oblivious scheduler exploits', 'oblivious scheduler uses']"
"['classify documents', 'document classifiers', 'document classifiers keyword', 'details concept discovery', 'keywords documents', 'learning information architecture', 'using keywords documents', 'document representations keywords', 'information retrieval', 'document concept relationships']"
"['analysis cancer classification', 'classification microarray data', 'classifier microarray', 'prediction classification cancer', 'cancer classification', 'cancer classification abstract', 'classification microarray', 'cancer classifying', 'learning dna microarray', 'accurate classification cancer']"
"['level microarray analysis', 'level microarray research', 'microarray research', 'microarray analysis community', 'microarray analysis', 'microarrays revolutionized', 'low level microarray', 'approaches level microarray', 'inference microarray analysis', 'high level microarray']"
"['software high cohesion', 'package cohesion conclusion', 'cohesion packages', 'object package cohesion', 'measuring package cohesion', 'program cohesion', 'cohesion package ways', 'oo program cohesion', 'package cohesion', 'package cohesion cohesion']"
"['government measurement', 'measuring government', 'practices government measurement', 'developments electronic government', 'electronic government based', 'measuring government impact', 'impact government measurement', 'government measured', 'government measure', 'measure government development']"
"['scheduling algorithms', 'machines scheduling', 'scheduling jobs machines', 'scheduling algorithm', 'machine scheduling', 'simple scheduling algorithms', 'related machines scheduling', 'algorithm scheduling', 'scheduling problem applications', 'scheduling algorithm scheduling']"
"['personal communitynet', 'personal communitynets', 'communitynet modeling', 'personal social networks', 'prediction communitynet', 'personal social network', 'personal communitynets applied', 'personal information dissemination', 'model communitynet senders', 'communitynet models']"
"['modeling software designs', 'modeling software code', 'software code modeling', 'oriented software design', 'describing software behavior', 'oriented software designs', 'code modeling software', 'model concurrent software', 'object oriented', 'concurrent object oriented']"
"['search information extraction', 'intranet search search', 'intranet search systems', 'organize intranet search', 'retrieval information search', 'use information extraction', 'information extraction', 'intranet search tools', 'intranet search needs', 'intranet search']"
"['sensor networks epidemic', 'networks epidemic theory', 'spread epidemic graphs', 'epidemic outbreak network', 'epidemics network', 'networks epidemic', 'network wide epidemic', 'susceptible node communication', 'epidemic graphs', 'epidemic breakout propagations']"
"['routing protocols security', 'sensor networks adversary', 'networks formal security', 'attack authenticated routing', 'adversary sensor environments', 'attacking routing protocol', 'protocols security', 'protocols security holes', 'security routing', 'attacks routing']"
"['obfuscated database constructions', 'infeasible database obfuscated', 'obfuscate database evaluation', 'database obfuscation', 'obfuscation database', 'privacy corresponding obfuscation', 'obfuscate database', 'intuitive database privacy', 'compliant queries obfuscation', 'database constructions obfuscate']"
"['peer data integration', 'integrity constraints peer', 'computing peer agreements', 'peer source databases', 'peer peer systems', 'peer schema peer', 'peer peer data', 'database peer', 'peer database', 'peer schemas']"
"['quantitative rules statistic', 'rule discovery', 'discovery rules statistics', 'rule discovery methods', 'rule discovery literature', 'rules data mining', 'introduction rule discovery', 'rules statistic', 'rules statistics', 'rule statistic']"
"['wireless sensor networks', 'sensor nodes cluster', 'wireless sensor network', 'sensor networks communication', 'sensor node cluster', 'sensor networks habitat', 'gathering sensor networks', 'hoc sensor networks', 'nodes wireless sensor', 'sensor networks survey']"
"['parallelism web crawler', 'architectures parallel crawler', 'architecture parallel crawler', 'techniques parallel crawler', 'crawler parallelization', 'parallel crawler discuss', 'architecture web crawler', 'effective parallel crawler', 'parallel crawler design', 'site parallel crawler']"
"['network game data', 'game data transport', 'game transport protocol', 'game data delivery', 'internet connection game', 'network gaming', 'needed network gaming', 'server wireless game', 'interactive network gaming', 'network games']"
"['simulations programmable graphics', 'interactive visual simulations', 'programming simulations graphics', 'simulations graphics hardware', 'graphics hardware simulations', 'visual simulation graphics', 'visual simulation rendering', 'simulation graphics', 'visual simulations', 'simulation rendering']"
"['presence physiological measures', 'physiological measures presence', 'presence physiology', 'presence physiology haptics', 'presence sensitivity', 'presence presence', 'measures subjective presence', 'measuring presence', 'subjective presence measures', 'effects presence']"
"['chinese text segmentation', 'words chinese text', 'chinese text text', 'approach chinese text', 'retrieval chinese text', 'techniques chinese text', 'words contextual information', 'chinese text', 'formula chinese text', 'chinese text called']"
"['privacy trust negotiation', 'automated trust negotiation', 'protection sensitive information', 'sensitive information credentials', 'trust negotiation systems', 'leakage automated trust', 'disclosures credentials requests', 'protecting privacy trust', 'policies sensitive attributes', 'safety trust negotiation']"
"['probabilistic topic model', 'probabilistic topic models', 'topics authors detection', 'author topic models', 'topic author models', 'author topic modeling', 'topic model citeseer', 'topic models', 'mining topics', 'author topic distributions']"
"['search interface usability', 'user interface search', 'usability search', 'user interfaces search', 'search user interface', 'search speed measure', 'search speed answers', 'study usability search', 'search user interfaces', 'search result evaluation']"
"['security 3d content', '3d content protection', 'protection 3d graphics', '3d graphics protection', 'rendering purposes security', 'attacks remote rendering', 'theft 3d content', 'protection remote rendering', '3d graphics encrypt', 'preventing piracy 3d']"
"['person tracking attention', 'robots attention person', 'speak robot attention', 'attention interaction robot', 'attention robot', 'person robot', 'person relative robot', 'attention mobile robot', 'spoken person robots', 'robot attention']"
"['persuasive advertising product', 'psychological customization advertising', 'personalized advertising', 'persuasion advertising commerce', 'advertising persuasion commerce', 'persuasion advertising product', 'processing persuasion advertising', 'attitudes behavior advertising', 'persuasive advertising effectiveness', 'persuasive advertising']"
"['database watermarking scheme', 'relational data watermarked', 'database watermarking', 'new database watermarking', 'propose watermarking scheme', 'key watermarking schemes', 'watermarked data', 'data watermarking', 'keys watermarking schemes', 'key watermarking scheme']"
"['underlying information sources', 'architecture contexts excerpts', 'integrated information context', 'information structured', 'context base information', 'supports context excerpts', 'superimposed information management', 'underlying data sources', 'context management', 'information source example']"
"['bluetooth network encapsulation', 'bluetooth service architecture', 'bluetooth ip services', 'bluetooth ip service', 'bluetooth ip interworking', 'bluetooth ip qos', 'ip bluetooth service', 'bluetooth networks', 'formation bluetooth networks', 'bluetooth network']"
"['answer terms retrieval', 'answer extraction selection', 'answer extraction', 'redundancy answer extraction', 'question answering track', 'question answering', 'answer mining', 'answers gram harvesting', 'terms retrieval systems', 'retrieval information extraction']"
"['course programming languages', 'courses programming languages', 'programming languages course', 'programming languages freshmen', 'study programming languages', 'programming languages curriculum', 'described course programming', 'teaching programming languages', 'programming course', 'proposals programming languages']"
"['ranking commerce web', 'result ranking commerce', 'automatic ranking', 'user ranking method', 'automatic ranking method', 'ranks query results', 'result ranking', 'ranking commerce', 'databases rank', 'rank query results']"
"['user query classification', 'query classification', 'classification query classification', 'web document retrieval', 'query classification method', 'retrieval performance classification', 'query classification scheme', 'document retrieval types', 'query retrieval', 'information retrieval']"
"['integrated information querying', 'querying heterogeneous information', 'level query systems', 'query systems', 'info query processor', 'xml query interface', 'query interface', 'query processor', 'documents querying', 'bi level queries']"
"['ranking packets', 'protocol aware ranking', 'ranking flows detection', 'packets flows sampling', 'detection ranking flows', 'sampling flow ranking', 'flows detection ranking', 'packet sampling', 'flows ranking', 'flow ranking']"
"['objectrank layered graphs', 'objectrank layered', 'metric objectrank layered', 'graph pagerank', 'pagerank ranking', 'graph objectrank', 'pagerank', 'pagerank considers', 'pagerank rank', 'objectrank addresses relevance']"
"['ranking photos', 'photo ranking', 'ranking web objects', 'ranking web', 'ranking photos popularity', 'rank web objects', 'quality photo ranking', 'ranking algorithms photos', 'maximal ratings web', 'rank photos']"
"['information sharing web', 'social networking semantic', 'information social network', 'social network information', 'users social networks', 'information sharing weblog', 'proposed information sharing', 'social network using', 'social networks information', 'social networking']"
"['spatial data internet', 'peer storage utility', 'peer storage systems', 'distributed server', 'peer storage', 'spatial database server', 'large online data', 'spatial online databases', 'server distributed', 'peer peer storage']"
"['user interface researchexplorer', 'multimedia scientific information', 'database researchexplorer', 'information researchexplorer', 'exploration multimedia scientific', 'researchexplorer implemented', 'researchexplorer systems', 'researchexplorer exploration', 'multimedia scientific data', 'researchexplorer ui']"
"['cognitive complexity measure', 'cognitive complexity metric', 'complexity measure software', 'software complexity measure', 'software cognitive complexity', 'software complexity measures', 'information complexity measure', 'cognitive complexity software', 'software complexity measurement', 'comprehensive complexity measure']"
"['bluetooth scheduling', 'scheduling bluetooth', 'algorithm bluetooth scatternets', 'communication bluetooth scatternets', 'scheduling bluetooth piconets', 'bluetooth scatternets slaves', 'bluetooth scatternets abstract', 'bluetooth scatternets', 'scheduling communication scatternet', 'coordinated scatternet scheduling']"
"['reprogramming sensor network', 'linking reprogramming wireless', 'run time linking', 'reprogramming sensor nodes', 'programming sensor networks', 'energy consumption execution', 'reprogramming wireless sensor', 'embedded systems sensor', 'dynamic linking execution', 'energy cost reprogramming']"
"['debug sensor network', 'sensor network debugging', 'sensor network simulators', 'distributed debugger', 'debugging tools sensor', 'sensor network tools', 'sensor network simulator', 'debug sensor', 'sensor device emulations', 'debugging tool sensor']"
"['large sensor networks', 'sensor networks nodes', 'forwarding packet aggregation', 'sensor networks protocol', 'networks sensor networks', 'neighbors packet aggregation', 'nodes packets aggregation', 'cluster packets aggregation', 'scalable structure protocol', 'network data aggregation']"
"['large graph databases', 'mining graph databases', 'graph pattern mining', 'large graphs database', 'mining graph database', 'databases large graphs', 'mining graph patterns', 'graph patterns mining', 'patterns graph databases', 'complex graph databases']"
"['ip multimedia services', 'ip services multimedia', 'securing multimedia services', 'multimedia services ip', 'multimedia services authentication', 'ims ip multimedia', 'access multimedia services', 'ip multimedia ims', 'mobile multimedia services', 'accessing multimedia services']"
"['secure aggregation algorithms', 'securing network aggregation', 'node secure aggregation', 'secure aggregation', 'level aggregation security', 'secure aggregation scheme', 'aggregation security', 'secure aggregation compute', 'unsecured aggregation protocol', 'goal secure aggregation']"
"['middleware sensor networks', 'sensorbus distributed', 'sensorbus middleware', 'sensor network communication', 'wireless sensor networks', 'communication sensor networks', 'sensorbus architecture', 'sensor node computing', 'wireless sensor network', 'sensor network networks']"
"['broadcast authentication sensor', 'broadcast authentication protocol', 'authentication sensor networks', 'design broadcast authentication', 'broadcast authentication approaches', 'novel protocol authenticates', 'efficient broadcast authentication', 'authentication secure broadcast', 'adapted broadcast authentication', 'authentication information broadcast']"
"['selection microarray data', 'microarray classification', 'classifying microarray data', 'selection microarray', 'classifying microarray', 'gene selection microarray', 'classification microarray samples', 'classification microarray', 'gene ranking classification', 'microarray actual ranking']"
"['visualization flexible isosurface', 'contour trees visualization', 'contour tree abstraction', 'simplifies contour trees', 'isosurfaces volume rendering', 'contour tree exploration', 'contour tree based', 'contour trees surfaces', 'contour sweeping data', 'simplified contour trees']"
"['resilient packet forwarding', 'relaying nodes misbehavior', 'scheme maliciously packet', 'packet dropping attacks', 'malicious nodes', 'malicious nodes drop', 'sensor networks security', 'malicious nodes assured', 'packet watchdog', 'broadcast resiliency packet']"
"['current searching engines', 'current search engines', 'web search engine', 'purpose search engines', 'purpose search engine', 'proposed search engine', 'smartcrawl search engine', 'searching engines', 'pages search engines', 'considered search engine']"
"['braille translation engine', 'braille translation systems', 'english sparsha braille', 'indian language toolset', 'text braille translation', 'sparsha braille translation', 'translation braille text', 'indian languages toolset', 'bharati braille transliteration', 'computerised braille transcriptor']"
"['stylecam interactive stylized', 'stylecam interactive', 'stylecam animation', 'stylecam interaction', 'stylecam animation clips', 'stylecam interaction model', 'interaction stylecam', 'figure stylecam interaction', 'stylecam implemented', 'presentation stylecam']"
"['use tactile displays', 'tactile displays', 'abstract tactile displays', 'user haptic interface', 'tactile display', 'technology tactile displays', 'user interface tactons', 'devices tactile displays', 'limited tactile displays', 'tactile haptic device']"
"['tcp throughput improved', 'tcp performance propose', 'tcp performance reduce', 'tcp performance modeling', 'modeling tcp performance', 'conventional tcp timer', 'tcp throughput degradation', 'tcp throughput losses', 'tcp throughput link', 'tcp variable delay']"
"['sql education', 'sql concepts implementation', 'sql concepts', 'sql course', 'oracle course', 'taught databases', 'course oracle course', 'sql students', 'concepts including sql', 'course introduces sql']"
"['measures retrieval performance', 'simple retrieval measure', 'analyzing retrieval measures', 'retrieval measures abstract', 'retrieval measures', 'retrieval measure', 'underlying retrieval performance', 'retrieval performance', 'entropy precision recall', 'retrieval measure correlation']"
"['recognition motion streams', 'recognizing motion streams', 'recognizing motions streams', 'motions streams recognition', 'motion stream recognition', 'motion streams similarity', 'recognize motion streams', 'stream motion recognition', 'motion pattern recognition', 'recognizing motion patterns']"
"['cell architecture performance', 'cell processors', 'processor scientific computing', 'cell performance benchmarks', 'cell processor scientific', 'cell computational capabilities', 'sti cell processor', 'architecture scientific computations', 'cell processor building', 'cell processor']"
"['components use ontologies', 'components ontology', 'software component retrieval', 'source software components', 'existing software components', 'specific components ontology', 'use ontologies mediators', 'software component information', 'software components data', 'domain mediator ontology']"
"['relaxed service ontology', 'service ontologies choice', 'service ontology generalization', 'service ontologies', 'available service ontologies', 'use service ontologies', 'purpose service ontology', 'service ontology', 'services service ontology', 'service ontology concept']"
"['fringe word prediction', 'prediction fringe words', 'augmentative communication aac', 'speaking rate', 'aac corpus', 'rate speaking', 'tuning conversations', 'modeling word prediction', 'models word prediction', 'manual tuning conversations']"
"['topic transition detection', 'detection topic transitions', 'transition detection videos', 'detecting topic transitions', 'transition detection video', 'videos probabilistic detection', 'videos inference', 'hierarchical hmms', 'decomposition semantics videos', 'videos inference learning']"
"['video searching ranking', 'ranking video search', 'video relevance ranking', 'relevance ranking video', 'content ranking videos', 'relevance video metadata', 'rank video search', 'ranking videos', 'video ranking', 'ranking video']"
"['access policy language', 'policies languages', 'access control policies', 'policies language', 'reasoning policies language', 'control policy language', 'specifying policies languages', 'enforcing access controls', 'policy languages', 'policy language languages']"
"['topic trend analysis', 'tracking topic structure', 'topic emergence detection', 'tracking topic structures', 'topic tracking', 'identification topic emergence', 'modeling topic structure', 'topic structure identification', 'called topic tracking', 'topics analysis']"
"['theft information management', 'security breach theft', 'theft information thefts', 'examines theft information', 'protect theft information', 'information thefts', 'breaches information systems', 'manage security breach', 'thefts information', 'cause theft information']"
"['collaborative information seeking', 'individual information seeking', 'seeking information participants', 'individual information seeker', 'information seeking', 'organizations information seeking', 'information seeking management', 'individual info seeking', 'collaboration information seeking', 'information seeking collaborative']"
"['faults transactional agent', 'fault transactional agent', 'computers transactional agent', 'fault tolerant agent', 'computer transactional agent', 'implementation transactional agent', 'reliable transactional agent', 'fault tolerant object', 'agent tolerant computer', 'transactional agent implemented']"
"['term translation search', 'translation search engine', 'lingual queries digital', 'query translation engine', 'translations search', 'query terms translation', 'bilingual search', 'monolingual content search', 'translations search result', 'translation search']"
"['generic haskell', 'types haskell', 'types haskell type', 'haskell type classes', 'haskell type', 'haskell type class', 'generic functions types', 'functions generic types', 'polymorphism haskell type', 'lightweight generic programming']"
"['service robot software', 'services robot application', 'services robot', 'implement robot application', 'service robot applications', 'developing service robot', 'constructing service robot', 'service robot', 'services service robot', 'developing service robots']"
"['distributed information retrieval', 'distributed document retrieval', 'centralized retrieval', 'retrieval resource selection', 'information search retrieval', 'search retrieval', 'information retrieval algorithms', 'retrieval algorithms', 'document retrieval selection', 'information retrieval']"
"['3g network exposed', 'exploits 3g network', 'unwanted traffic 3g', 'traffic 3g networks', 'robustness 3g network', 'traffic 3g', 'impact 3g networks', 'traffic 3g network', 'robustness 3g', '3g robustness']"
"['metadata ranking recommending', 'recommending learning objects', 'attention metadata ranking', 'ranking recommending learning', 'ranking contextual recommendation', 'personalized ranking contextual', 'search tool recommending', 'learning objects recommending', 'recommendation tools', 'recommend objects users']"
"['software defect density', 'code churn metrics', 'measuring code churn', 'metrics code churn', 'analyzed code churn', 'bugs code churn', 'systems code churn', 'code churn measure', 'code churn measures', 'code churn release']"
"['agent traffic pattern', 'recognise traffic patterns', 'reasoning traffic', 'recognise traffic', 'mobile network operators', 'traffic model voice', 'model traffic pattern', 'traffic pattern', 'similar traffic pattern', 'networks resource management']"
"['processes business objects', 'objects business process', 'process business object', 'business objects process', 'business object role', 'business process models', 'business objects roles', 'roles business process', 'role business object', 'business process modeling']"
"['ambient information design', 'design ambient information', 'information ambient displays', 'ambient information systems', 'ambient information displays', 'designers ambient information', 'ambient systems designers', 'concept ambient information', 'information ambient information', 'ambient information']"
"['personalized information agents', 'profiles query generation', 'generating search engine', 'profile query generation', 'profiling query generation', 'agent browsing searching', 'automatic query generation', 'profiles generate queries', 'generate queries profiles', 'query generation mechanisms']"
"['novel video coding', 'video transcoder', 'efficient video encoding', 'video coding', 'process video transcoder', 'complexity mpeg 264', 'mpeg 264 transcoder', 'mpeg 264 complexity', 'video 264 mb', 'mpeg 264 transcoders']"
"['timely video streaming', 'facilitating streaming', 'streaming services presence', 'facilitate video streaming', 'provided streaming services', 'streaming services', 'streaming service', 'consider streaming services', 'streaming fast', 'streaming content']"
"['taxonomy integration classification', 'taxonomy integration bootstrapping', 'bootstrapping approach taxonomy', 'consider taxonomies web', 'taxonomy training', 'categorization source taxonomy', 'improve taxonomy integration', 'taxonomies web', 'integrating objects taxonomy', 'manual taxonomy integration']"
"['indian language indexed', 'crawl indian language', 'indian language web', 'indian languages web', 'indian language content', 'webkhoj search engine', 'indian language websites', 'indian langauge content', 'content indian language', 'webkhoj indian language']"
"['documents crawlers', 'academic documents crawling', 'academic publications crawl', 'desired documents crawlers', 'publications crawl', 'crawling missing documents', 'metadata focused crawlers', 'documents crawling', 'desirable content crawler', 'documents crawler']"
"['web databases sampling', 'extraction hidden web', 'hidden web databases', 'retrieval hidden web', 'sampling documents databases', 'information extraction hidden', 'information extraction web', 'queries documents', 'extract information web', 'extraction web pages']"
"['qos mobile subscribers', 'gsm networks strategies', 'gsm networks performance', 'mobile telecommunications', 'cellular mobile network', 'qos 3g mobile', 'service qos 3g', 'performance management 3g', 'qos 3g', 'management 3g mobile']"
"['ranking component retrieval', 'ranking software components', 'ranking retrieval component', 'ranking algorithm facet', 'component ranking', 'ranking components', 'ranking components keyword', 'retrieval software components', 'retrieval software component', 'ranking component lists']"
"['crawling online relevance', 'utility focused crawling', 'focused crawling resource', 'focused crawling topic', 'focused crawling online', 'focused crawlers topic', 'links crawl', 'crawling resource discovery', 'basic focused crawler', 'focused crawl']"
"['fast volume rendering', 'direct volume rendering', 'volume segmentation rendering', 'volume rendering', 'parallel volume rendering', 'interactive volume visualization', 'volume visualization', 'volume rendering computer', 'volume rendering filters', 'volume analysis visualization']"
"['personal information agent', 'personalized information filtering', 'agent technology personalized', 'collaborative browsing agent', 'browsing agent knowledge', 'intelligent personalized filtering', 'technology personalized information', 'information agent', 'filtering agent', 'information filtering concepts']"
"['retrieval associative networks', 'associative retrieval approach', 'retrieval knowledge representation', 'approach associative retrieval', 'associative retrieval', 'adaptive information retrieval', 'retrieval information retrieval', 'underlying information retrieval', 'information retrieval', 'know information retrieval']"
"['wireless traffic modeling', 'characterization wireless traffic', 'wireless traffic', 'wireless traffic provide', 'markovian traffic issues', 'kinds wireless traffic', 'wireless data traffic', 'wireless ip traffic', 'markovian traffic', 'internet traffic modeling']"
"['meta reasoning languages', 'theory languages bindings', 'meta theory languages', 'reasoning languages', 'custom type theory', 'implement theory metaprl', 'logic formal languages', 'prover object language', 'formal reasoning syntax', 'operators concrete languages']"
"['delivery parallel computations', 'parallel computations provides', 'asymmetrical parallel computations', 'parallel computations', 'parallel computations called', 'parallel computations abstract', 'parallel computations using', 'parallel computations barriers', 'parallel computation section', 'parallel computation']"
"['learning techniques bioinformatics', 'bioinformatics machine learning', 'machine learning bioinformatics', 'techniques bioinformatics', 'learning bioinformatics', 'biology data learning', 'learning systems bioinformatics', 'research bioinformatics', 'bioinformatics research', 'bioinformatics']"
"['aspect language applications', 'aspect tcp', 'aspect language programming', 'aspect prefetching expressions', 'expressive aspect language', 'allows aspect programmers', 'needed aspect language', 'design aspect language', 'formal aspect language', 'aspect tcp udp']"
"['website quality evaluation', 'websites quality evaluation', 'website comparison ranking', 'evaluate websites', 'evaluation index methods', 'evaluation indexes business', 'evaluate quality websites', 'business website comparison', 'assesses business websites', 'evaluation index business']"
"['interactive 3d animation', 'interactive animated 3d', 'interactive animation', '3d animated', '3d animation environment', 'interactive animation playback', 'animation interaction techniques', 'manipulations animations', 'interaction techniques animation', 'integration interactive animation']"
"['testing database systems', 'database tests semantics', 'testing database applications', 'database test cases', 'intensional database tests', 'database testing', 'designed testing database', 'test databases', 'database testing toolkit', 'database tests']"
"['handover mobile station', 'handover measurement data', 'handover measurements groups', 'analysis mobile networks', 'handover concept measurements', 'gsm networks', 'mobile networks', 'mobile station comparing', 'analysis gsm', 'clustering algorithm cell']"
"['aspect oop implementation', 'programming aspect', 'aspect oriented', 'oriented programming development', 'programming component', 'aspectual functionality', 'oriented software', 'crawler aspects', 'abstract aspect oriented', 'programming aspect oriented']"
"['attack resilient aggregation', 'aggregation sensor networks', 'compromised nodes aggregation', 'sensor network adversary', 'resilient aggregation algorithms', 'aggregate attack approach', 'resilient aggregation', 'aggregate attack', 'network aggregation', 'data aggregation sensor']"
"['event multimodal information', 'presentation multimodal information', 'automated rich presentation', 'multimedia content analysis', 'multimodal information extraction', 'presentation semantic topic', 'multimedia retrieval', 'similarity multimodal information', 'authoring multimedia retrieval', 'rich presentation generation']"
"['database security course', 'course database security', 'database security education', 'database security courses', 'courses database security', 'study database security', 'database security topics', 'developing database security', 'offering database security', 'database security basics']"
"['titles extractions', 'successful title extraction', 'reliable title extraction', 'title extraction', 'title extraction research', 'features title extraction', 'evaluations title extraction', 'consider title extraction', 'titles titles extractions', 'title extraction methods']"
"['sensor node intrusion', 'recovering sensor nodes', 'detection node recovery', 'attacks sensor networks', 'algorithms node recovery', 'sensor network nodes', 'node recover algorithms', 'communicating sensor nodes', 'misbehaving nodes recover', 'node intrusion']"
"['bayesian online classifiers', 'online classifiers text', 'classification filtering text', 'documents bayesian classifiers', 'classifiers text classification', 'online classifiers classify', 'online classifiers', 'text classifiers', 'text classification systems', 'classify text documents']"
"['pagerank machine learning', 'better pagerank', 'pagerank features', 'effective pagerank', 'pagerank machine', 'pagerank', 'features pagerank', 'worse pagerank', 'ranking web pages', 'pagerank static features']"
"['constructions secure computation', 'secure computation abstract', 'general secure computation', 'secure computation', 'protocols secure computation', 'definitions secure computation', 'computation secure presence', 'cryptographic primitives require', 'homomorphic encryption schemes', 'secure oblivious transfer']"
"['bluetooth dynamic scheduling', 'scheduling bluetooth', 'aware scheduling bluetooth', 'interference aware scheduling', 'bluetooth performance interference', 'bluetooth packet loss', 'bluetooth interference aware', 'bluetooth wlan packets', 'bluetooth performance', 'bluetooth interference environment']"
"['crawling web characterization', 'performance web crawling', 'efficient crawling', 'search crawling yields', 'web crawling', 'effectiveness crawling', 'search crawling', 'crawling web', 'web crawl', 'performing crawl breadth']"
"['names instant messaging', 'broadcast messages people', 'names personal messages', 'broadcast information contacts', 'instant messaging impact', 'instant messaging', 'messenger participants', 'instant messaging abstract', 'messaging systems person', 'abstract instant messenger']"
"['internet archive web', 'library history web', 'archive web', 'internet archive', 'historical web data', 'web research', 'historical web', 'archive internet', 'library web', 'archive web site']"
"['early women computing', 'women computing work', 'female pioneers computing', 'successful women computing', 'feminist perspectives computer', 'pathways women computing', 'computing education profession', 'women computing', 'histories women computing', 'women computing history']"
"['technology dependable computing', 'dependable computing', 'quantum computing architectures', 'nano computing', 'quantum computational devices', 'dependable computing systems', 'quantum computational device', 'vital quantum computing', 'age nano computing', 'quantum computing']"
"['sustainable community information', 'sustainability computerized community', 'community information systems', 'sustain community information', 'developing community information', 'making community information', 'computerized community', 'information community', 'systems community information', 'computerized community information']"
"['machine learning security', 'security machine learning', 'attacks machine learning', 'learning intrusion', 'attacks learning', 'include attacks learning', 'targets learning intrusion', 'learning techniques intrusion', 'intrusions learner', 'detecting attacks learner']"
"['information retrieval drawing', 'drawings information retrieval', 'retrieval drawing', 'recognition user drawings', 'user drawings', 'retrieval sketch manipulations', 'information drawing manipulations', 'information retrieval pen', 'systems user drawing', 'user drawing']"
"['retrieval systems compression', 'suitable index compression', 'access index compression', 'compressed indexes', 'index compression schemes', 'queries use compression', 'index compression', 'compression indexes', 'experiments compression indexes', 'indexes bitwise compression']"
"['integrity constraints databases', 'inconsistent relational databases', 'queries denial integrity', 'notion consistent query', 'integrity constraints database', 'consistency ground queries', 'corresponding conflicts database', 'consistent database', 'consistent query', 'repairs consistent query']"
"['applicability consistent query', 'consistent query answering', 'semantics consistent query', 'conjunctive queries databases', 'characterizations consistent query', 'tractability consistent query', 'technique consistent query', 'constraints query languages', 'answering conjunctive queries', 'simple consistent query']"
"['usability web information', 'usability web', 'web information systems', 'systems web information', 'web services understanding', 'services understanding web', 'designing web information', 'understanding web information', 'web services', 'web systems web']"
"['partial object recognition', 'symmetry image databases', 'occluded objects recognition', 'objects image retrieval', 'portion objects recognition', 'matching object recognition', 'object recognition occlusion', 'descriptions shape detection', 'symmetrical features objects', 'objects recognition']"
"['categorical clustering algorithms', 'categorical clustering notion', 'categorical clustering', 'clustering categorical data', 'data entropy clusters', 'clustering categorical attributes', 'categorical clustering abstract', 'entropy clustering', 'categorical clustering received', 'entropy cluster']"
"['reusability java components', 'reusability java', 'evaluating software metrics', 'oriented software metrics', 'assess reusability', 'software reusability', 'software metrics', 'ranking reusability', 'metrics measures cohesion', 'methods cohesion metrics']"
"['distributed 3d graphics', 'distributed objects programming', 'programmer viewpoint objects', 'interactive graphical applications', 'distributed graphics', 'distributed programming language', 'graphics data structures', 'distributed programming languages', 'memory graphical objects', 'java 3d']"
"['navigational query identification', 'query identification features', 'query classification', 'features navigational query', 'navigational queries web', 'feature navigational query', 'navigational queries', 'query identification search', 'query classification query', 'query classification scenario']"
"['functional verification coverage', 'generation functional verification', 'test generation functional', 'design bayesian network', 'simulation dynamic verification', 'verification simulation', 'verification coverage', 'test case generators', 'ensure verification design', 'automate feedback coverage']"
"['index generation document', 'book indexes', 'document preparation index', 'said book indexes', 'documentation little indexing', 'content analysis indexing', 'individual books indexes', 'books indexes', 'indexing style books', 'individual book indexes']"
"['metrics boolean classification', 'classification performance metrics', 'boolean classification performance', 'data mining metric', 'roc curve metrics', 'metrics appropriate predictions', 'metrics roc', 'metric performance metrics', 'mining metric', 'metric learning']"
"['database security curriculum', 'database security course', 'security curriculum infosec', 'database security topics', 'security database', 'database security concepts', 'concepts database security', 'learning database security', 'database security book', 'security database vulnerabilities']"
"['dbblue bluetooth scatternet', 'bluetooth scatternet abstract', 'dbblue scatternet route', 'dbblue scatternet construction', 'slave nodes scatternet', 'bluetooth scatternet', 'hop bluetooth communication', 'scatternet formation protocol', 'dbblue scatternet constructed', 'dbblue scatternet master']"
"['commerce statistics countries', 'commerce statistical country', 'commerce statistics development', 'countries commerce commerce', 'informationization country', 'development informationization country', 'countries overview commerce', 'commerce statistics world', 'country commerce', 'country commerce country']"
"['information systems structuration', 'information systems paradigm', 'information design use', 'community information systems', 'use information systems', 'information design', 'information design case', 'information design community', 'development communicative action', 'systems information theory']"
"['tcp failures based', 'tcp failures infer', 'tcp failure data', 'probability tcp failures', 'model tcp failures', 'tcp failure probabilities', 'detect network failures', 'diagnosis tcp connections', 'bayesian network diagnosis', 'detect tcp failures']"
"['metadata digital assets', 'digital assets database', 'digital assets metadata', 'database digital assets', 'assets metadata digital', 'structured digital assets', 'asset storage xml', 'xml database enterprises', 'digital content xml', 'digital asset management']"
"['scheduling algorithm bluetooth', 'slaves bluetooth scatternets', 'algorithm bluetooth scatternets', 'scatternet scheduling scheme', 'bluetooth scatternets', 'scatternet scheduling', 'distributed scatternet scheduling', 'bandwidth bluetooth', 'scatternet scheduling gateways', 'scatternet scheduling pcss']"
"['topic directoryrank', 'page directoryrank', 'directoryrank main topics', 'ranking pages topic', 'topic directoryrank metric', 'directoryrank useful topic', 'directoryrank order web', 'informative pagerank', 'directoryrank topic', 'directoryrank ranking framework']"
"['web service discovery', 'biased service discovery', 'ranking web services', 'service discovery evaluation', 'based service discovery', 'relevance source service', 'categorization web services', 'service discovery techniques', 'services ranking', 'service discovery']"
"['descriptors retrieval applications', 'descriptors retrieval', 'basic descriptors retrieval', 'descriptors distance measurement', 'visual information retrieval', 'descriptors distance', 'distance measures descriptor', 'retrieval information', 'retrieval applications', 'descriptor distance measure']"
"['regard robots dogs', 'dog vs robot', 'robots dogs', 'robotic dogs', 'dogs robots children', 'robot dogs', 'regard robots', 'robots robotic dogs', 'dogs robots', 'noun dog robot']"
"['web hidden search', 'hidden web crawling', 'crawling hidden web', 'web crawling', 'effective hidden web', 'search hidden web', 'web crawler simplicity', 'hidden web search', 'hidden web crawler', 'frequent hidden web']"
"['java language extension', 'aspectj language compiler', 'java language extensions', 'extension java language', 'generating aspectj programs', 'java language features', 'aspectj language', 'aspectj programs', 'aspectj compiler implementation', 'sophistication aspectj compiler']"
"['studied query logs', 'query log analysis', 'daily query traffic', 'overall query traffic', 'available query logs', 'analysis query frequency', 'web query logs', 'queries day search', 'categorized queries search', 'general query traffic']"
"['discriminative text classification', 'text categorization methods', 'text categorization classification', 'class text categorization', 'text categorization', 'text categorization tasks', 'automatic text categorization', 'class text classification', 'techniques text categorization', 'fast text classification']"
"['fast nextword indexes', 'index phrase browsing', 'nextword index processing', 'file phrase query', 'techniques nextword indexes', 'index approximating phrases', 'file nextword indexes', 'phrase indexes', 'nextword indexes queries', 'processing nextword indexes']"
"['retrieval similar shapes', 'fast retrieval objects', 'similarity queries shape', 'indexing shapes', 'records matching shapes', 'similarity retrieval', 'shapes measure similarity', 'similar shapes descriptors', 'boundary anddo retrieval', 'similarity boundary shapes']"
"['volumetric graphics voxelization', 'graphics voxelization', 'efficient surface voxelization', 'surface voxelization slice', 'voxelization graphics', '3d slicer voxelizing', 'voxelization 3d', 'geometry voxelization', 'used triangles voxels', 'performance surface voxelization']"
"['rdf semantic', 'rdf semantic associations', 'semantic associations rdf', 'notions rdf data', 'rdf typically query', 'semantic query capabilities', 'rdf formalization', 'rdf schemas', 'formalization rdf data', 'rdf schema']"
"['memory database queries', 'query memory banks', 'memory friendly database', 'query optimizer memory', 'memory resident databases', 'memory resident dbms', 'query memory', 'memory energy query', 'memory resident database', 'memory databases']"
"['spark security programs', 'integrity software spark', 'specification security safety', 'specification security', 'spark security', 'safety integrity analysis', 'information flow integrity', 'flow security information', 'allows specification security', 'flow security']"
"['entropy self organization', 'agent self organization', 'entropy self', 'organization concomitant entropy', 'behavior entropy micro', 'entropy macro agent', 'self organization mechanisms', 'behavior entropy', 'agent coordination', 'interactions self organization']"
"['sensor selection localization', 'sensors selection entropy', 'target location entropy', 'sensor selection heuristic', 'informative sensor entropy', 'sensor informative entropy', 'heuristic sensor selection', 'sensors selection heuristic', 'location distribution entropy', 'location entropy reduction']"
"['global pageranks', 'global pageranks care', 'global pagerank', 'global pagerank estimate', 'global pagerank web', 'pageranks entire web', 'local pageranks', 'pagerank web communities', 'pagerank crawl', 'local pagerank']"
"['similarity recommending', 'recommending communities', 'measure similarity recommender', 'community recommendation base', 'similarity recommender', 'recommendations communities', 'recommendation base community', 'recommendation algorithms', 'recommendation community', 'make community recommendations']"
"['helpful searching browsing', 'simple searching browsing', 'browse search interface', 'browsing searching', 'www search interface', 'browsing searching functions', 'traditional search interfaces', 'searching browsing examples', 'search interface', 'searching browsing']"
"['identifying topics events', 'topic event models', 'news topic event', 'modeling news topics', 'threading events news', 'event threading news', 'dependencies news topic', 'identifying events topic', 'topics events', 'events news topic']"
"['learning kernels optimization', 'optimization svms', 'evolutionary learning kernels', 'evolutionary svms', 'evolutionary svm', 'optimization traditional svms', 'optimization statistical learning', 'optimization kernel', 'evolutionary svm variants', 'kernels optimization']"
"['extensible object middleware', 'flexible middleware infrastructure', 'object middleware design', 'approaches flexible middleware', 'object middleware', 'object corba middleware', 'approach middleware extensibility', 'implementation middleware', 'based middleware implementation', 'compliant middleware architecture']"
"['robot task effectiveness', 'robots user interface', 'robot activity time', 'robots time', 'robot fan', 'effort robot', 'user interface robots', 'robot control users', 'fan robot', 'activity time robots']"
"['compression sorting strings', 'compression sorting', 'preserving compression sorting', 'order compression techniques', 'sorting word ram', 'efficient compressed data', 'fast sort compressed', 'fast string sorting', 'sorting compressed text', 'compression sorting algorithms']"
"['fbram pixel write', 'buffer fbram vram', 'buffer ram fbram', 'fbram vram', 'fbram video buffers', 'vram fbram', 'buffers unlike vram', 'ram fbram', 'vram frame buffers', 'fbram pixel']"
"['named entity recognition', 'entity recognition news', 'entity recognition', 'text categorization entity', 'entity recognition techniques', 'entities corpus', 'entity detection', 'entity recognition entity', 'entity detection tracking', 'entity recognition problem']"
"['haskell compiler', 'haskell language', 'imperative stg machine', 'glasgow haskell compiler', 'description haskell language', 'sestoft language semantics', 'compilers logics', 'sestoft operational semantics', 'stg machine constructions', 'instructions operational semantics']"
"['query classification', 'categories query classification', 'query classification aim', 'classifier query classification', 'used query classification', 'query classification methods', 'query classification task', 'data query classification', 'define query classification', 'irrelevant query classification']"
"['collaborative crawling strategies', 'collaborative crawling strategy', 'collaborative crawling propose', 'collaborative crawling', 'collaborative crawling crawling', 'collaborative crawler crawling', 'performance collaborative crawling', 'efficient crawling', 'collaborative crawling classification', 'crawling strategies']"
"['3d graphics benchmarks', '3d graphics benchmark', 'mobile 3d graphics', '3d graphics architectures', '3d graphics benchmarking', 'graphics benchmark suite', '3d benchmarks employed', 'embedded 3d graphics', 'graphics benchmark suites', 'graphics benchmarks']"
"['handoff 3g', 'handoff wlan', 'handoff wlans', 'trigger wlan 3g', 'wlan vertical handoffs', 'using handoff trigger', 'use handoff trigger', 'network vertical handoff', 'handoff trigger table', 'table 3g wlan']"
