"['grid service discovery', 'service discovery grids', 'discovery grid services', 'grid discovery services', 'scalable grid service', 'services grids', 'specialized grid service', 'grid services', 'grid service providers', 'grid service']"
"['deployment sensor networks', 'sensor deployment strategy', 'detection sensor network', 'sensor deployment', 'detection sensor networks', 'sensor network target', 'traffic traversal sensors', 'sensor network', 'sensor networks', 'sensors deployment']"
"['voip audio conferencing', 'distributed voip conferencing', 'voice virtual conferencing', 'building voip conferencing', 'distributed voip', 'voip conferencing', 'building voip application', 'audio conferencing need', 'challenges voip conferencing', 'centralized sip conferencing']"
"['swarm worm details', 'malware exhibiting swarm', 'performance swarm worm', 'worm swarm worm', 'swarm worm', 'worm swarms', 'cracking swarm worm', 'worm instance swarm', 'considered swarm worm', 'simple swarm worm']"
"['modular protocols based', 'modular protocols', 'modular network protocols', 'protocols protocol modules', 'protocol modules frameworks', 'protocol composition frameworks', 'implemented protocol frameworks', 'implementation protocol modules', 'protocol framework', 'composing protocols']"
"['availability data center', 'outages data centers', 'data availability', 'outages data center', 'service availability', 'providing service availability', 'high availability services', 'availability services', 'continuous availability', 'operation availability services']"
"['metrics mobile object', 'runtimes mobile objects', 'distributed mobile applications', 'mobile application adaptation', 'mobile object frameworks', 'metrics collection middleware', 'middleware components metrics', 'management mobile objects', 'metrics components mobility', 'mobile object systems']"
"['download data allocation', 'servers allocation scheme', 'replicas data grid', 'data grid allocation', 'downloads data parallel', 'parallel downloading datasets', 'data transport replica', 'parallel downloading', 'parallel data transfers', 'distributed storage resources']"
"['localizing sensor network', 'localization sensor network', 'localization wireless sensor', 'localization wireless', 'network localization', 'accuracy localization spotlight', 'cost localization wireless', 'cost accurate localization', 'localizing sensor', 'localization sensor']"
"['throughput blast grid', 'sequence comparison blast', 'blast searches grids', 'grid implementation blast', 'blast searches grid', 'nodes blast search', 'blast searches sequence', 'algorithm blast', 'grid blast toolkit', 'biological sequence compared']"
"['molecular conformational search', 'molecular conformation search', 'conformational search program', 'conformation search improvement', 'molecular mechanics grid', 'performance conflex grid', 'conformationalspacesearch basic strategy', 'conformation space search', 'large molecules grid', 'conflex computational nodes']"
"['adaptive computing grid', 'adaptive applications grid', 'adaptive execution grids', 'grid computing resource', 'utilize grid resources', 'applications grid resources', 'available grid resources', 'grid application applications', 'performance availability grid', 'grid programming scalable']"
"['scalable reliable multicast', 'multicast data dissemination', 'multicast scalable', 'approach streaming multicast', 'peer streaming nodes', 'reliable multicasting overlay', 'stream dissemination', 'multicast tree', 'tree internet streaming', 'streaming nodes']"
"['distributed documents', 'documents shared', 'sharing documents', 'documents distributed', 'file sharing', 'distributed peer', 'share documents', 'new documents distributed', 'documents intranet', 'peer discovery apocrita']"
"['caching systems peer', 'caching protocols', 'storage buddycache peer', 'peer caching', 'scalable internet caches', 'caching protocol', 'efficient cooperative caching', 'regular peer cache', 'scalable web caching', 'peer cache']"
"['context information negotiation', 'distributed context providers', 'distributed context', 'context aware computing', 'negotiation context providers', 'context aware applications', 'possible context providers', 'context providers utility', 'reward context providers', 'context manager negotiate']"
"['key establishment distributedsensor', 'distributed keys', 'attacks sensor network', 'secure key distribution', 'attack sensor network', 'key establishment scheme', 'pairwise key establishment', 'clusters sensor network', 'key establishment nodes', 'keys distributed']"
"['security event brokers', 'encrypted events broker', 'encrypted event broker', 'clients event encryption', 'event encryption', 'secure event types', 'subscribe infrastructures securecomm', 'secure event', 'eventbrokers different security', 'publish subscribe infrastructures']"
"['peer overlay streaming', 'peer peer streaming', 'peer streaming', 'streaming content peer', 'bandwidth peers approach', 'peerto peer streaming', 'bandwidth peer minimizing', 'peer topeer streaming', 'peer receiver peer', 'bandwidth peer']"
"['packet loss speech', 'tradeoff packet loss', 'loss packets', 'packets sensitive loss', 'packet losses', 'packets voice', 'packet loss impact', 'impact packet loss', 'lost speech packets', 'packets loss']"
"['worlds grid computing', 'dynamic virtual environments', 'complex virtual environments', 'online worlds grid', 'indexing virtual space', '3d virtual environments', 'virtual worlds', 'division virtual worlds', 'virtual environments', 'new virtual environments']"
"['adaptive resourcemanagement middleware', 'adaptive resource management', 'hybrid adaptive resourcemanagement', 'management adaptive resource', 'adaptive resourcemanagement', 'adaptive resource provisioning', 'adaptive middleware capabilities', 'hybrid adaptive resource', 'systems adaptive middleware', 'adaptive middleware support']"
"['assimilation reservoir modeling', 'assimilation methodology reservoir', 'ensemble reservoir models', 'computing reservoir modeling', 'geological model ensemble', 'methodology reservoir characterization', 'simulations reservoir modeling', 'reservoir models method', 'reservoir simulator assimilate', 'ensemble geological models']"
"['location sensor nodes', 'locations wireless sensor', 'sensor node localization', 'localize sensor nodes', 'location sensor node', 'localization wireless sensor', 'localization sensor networks', 'localization accuracy nodes', 'mapped locations sensors', 'final location sensor']"
"['sensor network localization', 'localizing sensor network', 'sensor nodes localization', 'localization sensor networks', 'sensor node localization', 'network localization', 'localizing sensor', 'localization wireless sensor', 'passive localization wireless', 'locations sensor nodes']"
"['sensors archive data', 'archived sensor data', 'sensor storage architecture', 'sensor storage approach', 'constructing sensor storage', 'sensor store data', 'indexing sensor networks', 'storage sensor data', 'sensor storage', 'tier sensor storage']"
"['large range queries', 'multidimensional range queries', 'queries sensor networks', 'efficient queries sensor', 'indices sensor network', 'dimensional range queries', 'distributed indexing', 'supports range queries', 'distributed index', 'distributed index features']"
"['opportunistic network routing', 'protocols opportunistic networks', 'opportunistic networks routing', 'opportunistic routing', 'routing protocol epidemic', 'protocol opportunistic networks', 'opportunistic networks communication', 'opportunistic networking promising', 'mobile opportunistic network', 'opportunistic networking']"
"['search rescue systems', 'sensor network need', 'sensor network applications', 'sensor network', 'rescue systems', 'wireless sensor network', 'search rescue applications', 'network sensors', 'tracking search rescue', 'search rescue application']"
"['fairness dead reckoning', 'fairness distributed game', 'comparison dead reckoning', 'reckoning vectors sender', 'accuracy dead reckoning', 'dead reckoning', 'players network delay', 'achieves fairness receivers', 'fairness distributed', 'fairness different players']"
"['consistency multiplayer online', 'global synchronization', 'synchronized dead reckoning', 'consistency multiplayer', 'continuous distributed multiplayer', 'local lag maintain', 'help global synchronization', 'distributed multiplayer games', 'eliminate inconsistency synchronization', 'synchronization']"
"['large online data', 'spatial data internet', 'spatial online databases', 'large spatial databases', 'spatial database server', 'peer storage utility', 'online data prolonged', 'spatial data archives', 'accessible spatial database', 'online spatial data']"
"['groups ubiquitous computing', 'context aware mobile', 'interaction mobile group', 'context awareness group', 'mobile ubiquitous environments', 'context aware applications', 'location sensing group', 'context aware application', 'interaction location sensing', 'aware group interaction']"
"['distributed execution grid', 'management grid computing', 'grid computing architecture', 'middleware grid computing', 'enact processes grid', 'work grid computing', 'distributed process execution', 'grid centralized coordination', 'grid architecture infrastructure', 'designed grid computing']"
"['weighted congestion games', 'failures congestion games', 'congestion games resource', 'model congestion games', 'generalization congestion games', 'corresponding congestion game', 'theorem congestion games', 'congestion games model', 'resource failures congestion', 'congestion games load']"
"['scalable aggregation trees', 'scalable aggregation tree', 'scalable aggregation', 'scalable distributed', 'fast aggregation updates', 'scalable trees aggregation', 'distributed information aggregation', 'distributed applications', 'scalability sdims', 'achieving scalability nodes']"
"['spectrum content management', 'content distribution storage', 'content storage', 'serving multimedia content', 'distributed content', 'streaming content distribution', 'streaming media content', 'spectrum storage', 'streaming services content', 'content distributed']"
"['distributed game clients', 'communication proxies game', 'proxy aware game', 'distributed game', 'distributed games', 'game logic proxies', 'proxies servers players', 'distributed players', 'game proxies', 'game server communication']"
"['incentives networked systems', 'network competition', 'network innovation', 'network accountability', 'contracting systems competition', 'network industry', 'routing contracting systems', 'network industries', 'network competition concept', 'network accountability vein']"
"['weapon sensor', 'acoustic sniper localization', 'counter sniper systems', 'acoustic counter sniper', 'weapon estimation accuracy', 'soldierwearable mobile countersniper', 'networked shooter localization', 'shooter localization', 'bullet trajectory sensor', 'sniper localization']"
"['web service workflow', 'scheduling web service', 'web services workflows', 'workflows web service', 'workflow web service', 'services workflows', 'scheduling service requests', 'service workflow systems', 'service workflow', 'heuristics scheduling service']"
"['mac os developer', 'design student computer', 'mac os', 'mac', 'mac os workstation', 'course mac', 'mac os applications', 'mac os machines', 'os mac', 'apple mac os']"
"['availability latency zebroids', 'availability latency carrier', 'availability latency policy', 'improvements availability latency', 'minimizing availability latency', 'improve availability latency', 'weighted availability latency', 'availability latency study', 'reducing availability latency', 'availability latency scenarios']"
"['native pda browsers', 'native pda browser', 'mobile web applications', 'pda screen client', 'mobile native browsers', 'screen client', 'pda screen platforms', 'pda web browsers', 'pdas web browsers', 'pthinc native web']"
"['sensor grouping wireless', 'grouping wireless sensor', 'maximizing sensor node', 'neighboring nodes sensing', 'sensor networks habitat', 'neighbor sensing', 'sensor grouping', 'sensor node neighbors', 'node sensor coverage', 'sensing neighbor']"
"['incremental gossip protocols', 'gossip coordinated spectrum', 'opportunistic spectrum sharing', 'protocols gossip', 'radios protocols', 'protocols uniform gossip', 'gossip protocols', 'spectrum sharing', 'coordinated spectrum sensing', 'randomized gossip protocol']"
"['asynchronous messaging middleware', 'communication middleware', 'messaging middleware', 'asynchronous communication environments', 'middleware mobile computing', 'protocol middleware', 'asynchronous messaging', 'middleware primitives communication', 'middleware systems', 'middleware mobile environments']"
"['intrusion detection grid', 'intrusions grid environment', 'grid intrusion detection', 'intrusions grid', 'heterogeneous idss processing', 'intrusion detection components', 'intrusion detection services', 'distributed attacks intrusions', 'intrusion detection architecture', 'detect intrusions']"
"['service events correlation', 'service event correlation', 'event correlation service', 'correlation service events', 'serviceoriented event correlation', 'correlation service event', 'correlated service events', 'service event issuer', 'correlated service event', 'management event correlation']"
"['predecessors distributed computations', 'predecessor events protocols', 'distributed computation events', 'capturing causality distributed', 'causality distributed systems', 'immediate predecessors distributed', 'distributed computations emmanuelle', 'track causality concurrency', 'causal dependencies concurrency', 'causality concurrency']"
"['autonomous components', 'smart components', 'suitable smart components', 'sensors smart components', 'autonomous components composed', 'smart sensor component', 'autonomous components cooperate', 'systems components', 'larger autonomous components', 'architectures middleware interaction']"
"['manets p2p systems', 'hoc networks design', 'ad hoc networks', 'manets p2p', 'networks manets', 'distribution manets approach', 'mobile nodes', 'achieve load balancing', 'manet p2p', 'load balancing resource']"
"['operation contexts operations', 'operation context theory', 'operation context notion', 'operation context', 'context original operations', 'operation contexts', 'operations undoing', 'operations context context', 'undoing operations', 'operations context']"
"['techniques caching database', 'adaptive database cache', 'alternative approaches caching', 'caching solutions throughput', 'data cache web', 'useful data cache', 'based techniques caching', 'data intensive web', 'database caching', 'approaches caching']"
"['energy harvesting framework', 'feasibility energy harvesting', 'model energy harvesting', 'harvesting energy environment', 'cycling energy harvesting', 'applicable energy harvesting', 'energy harvesting', 'management energy harvesting', 'energy harvesting sensor', 'harvesting sensor networks']"
"['pervasive document management', 'pervasive document editing', 'collaborative document processing', 'pervasive collaborative document', 'sophisticated document management', 'collaborative document editing', 'pervasive editing management', 'document editing management', 'data document management', 'document management']"
"['replica selfish servers', 'replicas selfish servers', 'selfish servers model', 'networked selfish servers', 'replicas nash equilibrium', 'networks selfish servers', 'nash equilibrium replica', 'selfish servers', 'replicas nash equilibria', 'servers game theory']"
"['distributed applications', 'service grid infrastructure', 'adaptive services', 'adaptive service service', 'grid computing infrastructures', 'adaptive service', 'adaptive services provides', 'adaptive services framework', 'infrastructures grid computing', 'systems distributed']"
"['regularized clustering methods', 'novel document clustering', 'document clustering', 'document clustering methods', 'traditional document clustering', 'good document clustering', 'clustering documents', 'introduction document clustering', 'representitive document clustering', 'method clustering documents']"
"['image retrieval relevance', 'results image retrieval', 'relevance feedback image', 'feedback image retrieval', 'retrieval relevance feedback', 'effectiveness image retrieval', 'learning image retrieval', 'image retrieval end', 'image retrieval results', 'consider image retrieval']"
"['efficient generation snippets', 'searchers accurate snippets', 'snippet generation performance', 'fast snippet generation', 'informative snippets search', 'cache store sentences', 'performance snippet generation', 'performance web search', 'caching search engines', 'snippet engine optimizations']"
"['captions web search', 'web search captions', 'search result captions', 'search captions', 'web search behavior', 'web search results', 'queries caption characteristics', 'clickthroughs search engine', 'features captions web', 'improving web search']"
"['web search interactions', 'popular search queries', 'web search interaction', 'exploratory searches users', 'search results destinations', 'search engine interactions', 'search destination suggestions', 'web searching trends', 'compared suggestion destinations', 'popularity web search']"
"['caching search engines', 'caching search engine', 'caching queries', 'efficient caching', 'dynamic caching queries', 'caching query answers', 'caching answers queries', 'queries caching', 'caching search', 'caching strategies']"
"['prune index documents', 'pruning information retrieval', 'pruned index approach', 'reduction search quality', 'pruned index typically', 'inverted index search', 'pruned indexes', 'efficient indexes provide', 'pruned index', 'pruned index order']"
"['shared topic detection', 'topic detection multidocument', 'document topic segmentation', 'detection topic segmentation', 'topic tracking', 'topic detection tracking', 'information topic segmentation', 'topic segmentation optimization', 'topic segmentation documents', 'topic segmentation']"
"['features periodic event', 'event periodicity classification', 'periodic features bursts', 'analyzing word trajectories', 'similarity periodic features', 'classify word features', 'categorize word features', 'aperiodic events features', 'temporal text mining', 'identify feature bursts']"
"['personalized query expansion', 'personalized retrieval engine', 'personalized search results', 'adaptive personalized query', 'query expansion keywords', 'personalized web search', 'personalized retrieval', 'personalized search algorithms', 'keywords personalized', 'additional query keywords']"
"['detection news indexing', 'tracking news events', 'news indexing tree', 'detection news', 'indexing tree news', 'news indexing', 'proposed news indexing', 'following detection news', 'based news indexing', 'event detection international']"
"['improving query classification', 'web query classification', 'improve query classification', 'query classification performance', 'small query classification', 'findings query classification', 'query classification', 'automatic query classification', 'query classification aim', 'categorizing web queries']"
"['users advanced searchers', 'advanced searchers querying', 'search characteristics users', 'novice searchers user', 'engine users search', 'web search interaction', 'users advanced search', 'search engine users', 'experienced searchers search', 'searchers querying']"
"['term relevance feedback', 'terms relevance feedback', 'retrieval language modeling', 'retrieval retrieval models', 'relevance feedback terms', 'term feedback relevance', 'information retrieval language', 'information retrieval feedback', 'relevance feedback methods', 'retrieval models']"
"['ranked retrieval systems', 'achievable accuracy ranking', 'best retrieval functions', 'score retrieval', 'svm optimizing', 'map svm', 'ranked retrieval', 'map svm optimizing', 'map performance svm', 'svm map best']"
"['models relevance feedback', 'relevance feedback methods', 'relevance feedback information', 'pseudo relevance feedback', 'relevance feedback', 'relevance feedback using', 'improving retrieval feedback', 'retrieval feedback', 'feedback information retrieval', 'retrieval relevance score']"
"['query contexts', 'query contexts information', 'query specific contexts', 'context query factors', 'information retrieval context', 'contexts information retrieval', 'specify contexts query', 'query context', 'context words queries', 'contexts query']"
"['retrieval concept expansion', 'concept query expansion', 'query expansion relevance', 'modeling query expansion', 'expansion relevance models', 'modeling information retrieval', 'information retrieval generalization', 'retrieval document expansion', 'retrieval generalization relevance', 'relevance modeling']"
"['poisson retrieval models', 'multinomial retrieval models', 'poisson multinomial retrieval', 'models multinomial retrieval', 'poisson retrieval model', 'probabilistic retrieval models', 'different retrieval models', 'retrieval multinomial distribution', 'retrieval models', 'retrieval models general']"
"['definitional question answering', 'question answering', 'definitional answers topics', 'answering models interestingness', 'definitional answers using', 'definitional questions identification', 'question answering kian', 'definitional answers topic', 'definitional answers methods', 'question answering definitional']"
"['adarank boosting', 'adarank boosting algorithm', 'learning ranking models', 'rank document retrieval', 'adarank ranking', 'adarank algorithm training', 'learning rankings', 'performance adarank task', 'results ranking training', 'learning adarank']"
"['svms spam filtering', 'spam svms', 'spam online svms', 'svms spam detection', 'online svms spam', 'svms spam', 'vector machines spam', 'svms online spam', 'statistical spam filters', 'supervised spam filter']"
"['pagerank heat', 'diffusionrank pagerank', 'spamming diffusionrank', 'pagerank diffusionrank', 'pagerank heat diffusion', 'diffusionrank', 'algorithm diffusionrank', 'pagerank diffusionrank diffusionrank', 'diffusionrank employing', 'generalization pagerank heat']"
"['personal information management', 'personal information retrieval', 'manage information', 'information management evaluations', 'information management tools', 'information management', 'email finding strategies', 'detailed information users', 'information finding tasks', 'email finding tasks']"
"['lingual query suggestion', 'crosslanguage information retrieval', 'monolingual query suggestion', 'cross lingual query', 'monolingual query suggestions', 'lingual query similarity', 'language query term', 'lingual query expansion', 'cross language query', 'lingual query pairs']"
"['effectiveness pagerank hits', 'effectiveness pagerank', 'ranking web search', 'pagerank hits algorithms', 'pagerank hits', 'hits pagerank', 'ranking web', 'pagerank degree hits', 'links retrieval performance', 'hits pagerank degree']"
"['systems topics graph', 'topics hubness systems', 'network analysis measures', 'graph trec systems', 'network analysis indicators', 'social network analysis', 'topics graph', 'information retrieval evaluation', 'measuring topic capability', 'cluster topics graph']"
"['link classification', 'links factorizations', 'link matrix factorization', 'web page classification', 'factors link content', 'classification link structure', 'web page categorization', 'pagerank hyperlinks', 'link content matrix', 'link structure web']"
"['temporal text indexing', 'temporal text index', 'search large textual', 'efficient search large', 'efficient search', 'search temporal coalescing', 'indexing time', 'indexing documents', 'documents temporal databases', 'scalable temporal text']"
"['web queries prediction', 'retrieval performance prediction', 'predicting retrieval performance', 'retrieval query performance', 'predicting query performance', 'query performance prediction', 'web retrieval', 'web retrieval technique', 'web retrieval query', 'retrieval performance content']"
"['broad expertise retrieval', 'expertise retrieval sparse', 'lot expertise retrieval', 'expertise retrieval', 'expertise retrieval tasks', 'main expertise retrieval', 'expertise retrieval generalize', 'useful expertise retrieval', 'expertise retrieval needs', 'focused expertise retrieval']"
"['ads contextual advertising', 'contextual ads', 'contextual advertising ads', 'context match advertising', 'matching contextual advertising', 'contextual ads relevance', 'advertising contextual advertising', 'contextual advertising', 'page contextual advertising', 'pages contextual advertising']"
"['term mismatch retrieval', 'query expansion techniques', 'expansion document retrieval', 'term mismatch queries', 'evaluating query expansion', 'automatic query expansion', 'query term documents', 'documents query terms', 'systems query expansion', 'query expansion feedback']"
"['retrieval performance prediction', 'predicting retrieval performance', 'predicting retrieval', 'retrievals predict', 'retrievals systems predictors', 'retrieval predictors', 'predict retrieval', 'scorings retrievals predictor', 'predicting performance retrievals', 'spatial analysis retrieval']"
"['user passage ranking', 'based retrieval engine', 'automatic retrieval', 'twelfth text retrieval', 'passage retrieval component', 'feedback retrieval models', 'passage ranking', 'passage retrieval', 'novelty text retrieval', 'redundant passage ranking']"
"['ranked retrieval systems', 'ranking documents', 'rank aggregation approaches', 'multiple ranked retrieval', 'rank aggregation methods', 'documents ranking', 'ranked documents', 'ranked retrieval', 'rank aggregation research', 'document ranking']"
"['vocabulary speech indexing', 'speech data queries', 'terms spoken data', 'spoken data retrieval', 'approaches speech indexing', 'query phonetic transcripts', 'phonetic transcripts retrieval', 'transcripts query terms', 'spoken term detection', 'speech indexing retrieval']"
"['sensitive query stemming', 'query processing stemming', 'search stemming', 'processing stemming indexing', 'stemming web search', 'query stemming', 'context sensitive stemming', 'stemming query reformulation', 'stemming query expansion', 'sensitive stemming method']"
"['conceptual retrieval domain', 'retrieval biomedical literature', 'conceptual retrieval systems', 'conceptual retrieval study', 'study conceptual retrieval', 'concepts retrieval concept', 'concepts retrieval', 'biomedical information retrieval', 'conceptual retrieval', 'biomedical text retrieval']"
"['probabilistic retrieval model', 'probabilistic retrieval models', 'probabilistic weighted retrieval', 'probabilistic retrieval', 'information retrieval models', 'probabilistic retrieval approaches', 'probability probabilistic retrieval', 'probabilities probabilistic retrieval', 'retrieval probabilistic inference', 'retrieval models']"
"['associating ads web', 'web advertising', 'ads regard web', 'advertising search engines', 'web advertising comput', 'techniques web advertising', 'targeted advertising computer', 'web pages ads', 'targeted advertising keywords', 'ads contents']"
"['modeling personalized search', 'model personalized search', 'personalized search agent', 'personalized web search', 'personalized search studied', 'modeling information retrieval', 'retrieval implicit user', 'personalized search', 'specific retrieval models', 'personalized search reason']"
"['indexing broadcast data', 'index data broadcast', 'indexing information dissemination', 'data location broadcast', 'indexing broadcast', 'wireless data dissemination', 'broadcast data locations', 'wireless broadcast data', 'data dissemination', 'broadcast index']"
"['complex digital libraries', 'learning information architecture', 'complex digital library', 'automatic concept identification', 'retrieval digital libraries', 'retrieval data structures', 'information architecture discovery', 'classify documents', 'classification web content', 'details concept discovery']"
"['ranking web objects', 'ranking web', 'rank web objects', 'ranking photos', 'photo ranking', 'maximal ratings web', 'object ranking', 'rank aggregation web', 'proposed ranking algorithms', 'web communities rating']"
"['modeling recommendation systems', 'user modeling recommendation', 'modeling recommendation', 'learning user profiles', 'personalized recommendations users', 'learn user models', 'recommendation learns', 'recommendation systems', 'personalized recommendations', 'models collaborative filtering']"
"['retrieval resource selection', 'distributed information retrieval', 'document retrieval selection', 'centralized retrieval', 'distributed document retrieval', 'information retrieval', 'selection document retrieval', 'information search retrieval', 'decision document retrieval', 'retrieval algorithms']"
"['document title extraction', 'titles extractions', 'title extraction research', 'successful title extraction', 'consider title extraction', 'title extraction', 'title extraction approach', 'title extraction methods', 'approach title extraction', 'information title extraction']"
"['pagerank machine learning', 'pagerank features', 'pagerank static features', 'better pagerank', 'features pagerank', 'pagerank pairwise accuracy', 'better pagerank pairwise', 'ranking web pages', 'accuracy pagerank', 'pagerank ranks']"
"['evaluating retrieval systems', 'retrieval evaluation', 'evaluating retrieval', 'evaluate relevance judgments', 'acquiring relevance judgments', 'reuse relevance judgments', 'accumulating relevance judgments', 'systems relevance judgments', 'relevance judgments set', 'acquire relevance judgments']"
"['retrieval various distance', 'descriptors retrieval applications', 'descriptors distance measurement', 'descriptors distance', 'descriptors retrieval', 'basic descriptors retrieval', 'distance measures descriptor', 'descriptor distance measure', 'distance measure descriptor', 'descriptor distance']"
"['web hidden search', 'crawling hidden web', 'automatic hidden web', 'hidden web crawling', 'hidden web crawlers', 'web crawling', 'effective hidden web', 'search hidden web', 'approach hidden web', 'hidden web crawler']"
"['accelerating pagerank computation', 'global pagerank estimation', 'computing pagerank world', 'accelerating pagerank', 'global pageranks care', 'global pageranks', 'global pagerank', 'accelerated pagerank computation', 'local pageranks', 'approximate global pageranks']"
"['identifying topics events', 'news topic event', 'event threading news', 'threading events news', 'modeling news topics', 'topic event models', 'events news topic', 'identifying events topic', 'topics events', 'topic events']"
"['predicting web search', 'predict web search', 'user search interactions', 'user relevance judgments', 'predicting relevance preference', 'interacting web search', 'predicted relevance preferences', 'predict relevance preferences', 'implicit user feedback', 'implicit relevance feedback']"
"['evaluation topic tracking', 'adaptive filtering relevance', 'evaluations topic tracking', 'conventional topic tracking', 'adaptive rocchio relevance', 'topic tracking relevance', 'tracking relevance feedback', 'rocchio relevance feedback', 'filtering relevance feedback', 'corpus parameter tuning']"
"['xml retrieval evaluation', 'xml retrieval', 'xml information retrieval', 'retrieval xml documents', 'xml retrieval results', 'information retrieval xml', 'evaluation xml retrieval', 'hybrid xml retrieval', 'retrieval xml', 'ranking xml information']"
"['cluster web search', 'search engine clustering', 'search retrieval clustering', 'clustering search engine', 'search results cluster', 'clustering search results', 'search results clusters', 'retrieval clustering search', 'results cluster search', 'cluster search results']"
"['information retrieval models', 'retrieval retrieval models', 'information retrieval language', 'existing retrieval models', 'information search retrieval', 'retrieval accuracy relevance', 'retrieval models retrieval', 'information retrieval performance', 'retrieval models', 'basic retrieval model']"
"['web search evaluation', 'web search behaviors', 'ranking web search', 'web search ranking', 'feedback web search', 'improving web search', 'ranking search results', 'web search features', 'ranked web search', 'web search performance']"
"['queries geographical references', 'location references search', 'locations search engine', 'geographical references queries', 'geographical query references', 'locations search queries', 'queries geographical reference', 'disambiguating place references', 'place references queries', 'location information search']"
"['implicit relevance feedback', 'implicit relevance information', 'information retrieval behavior', 'search relevance information', 'retrieval performance relevance', 'search relevance', 'search feedback interaction', 'search task feedback', 'performance relevance feedback', 'computer search experience']"
"['text classification action', 'mails action items', 'action item detection', 'classify email', 'spam detection action', 'detecting items mail', 'mails action', 'action request detection', 'detection action item', 'automated action item']"
"['text classifiers probability', 'estimates text classifiers', 'classifiers probability estimates', 'text classifier probability', 'bayes text classification', 'text classifiers', 'classifier probability estimates', 'training text classifiers', 'bayesian classifiers', 'text classifiers training']"
"['aborts abstract agent', 'agent aborting', 'tasks bdi agents', 'aborting tasks bdi', 'abort task approach', 'agent capable reasoning', 'agent deliberations', 'bdi agent programming', 'agent execution', 'agent accomplish aborting']"
"['agent concept learner', 'multiagent incremental learning', 'agent concept learning', 'incremental multi agent', 'multi agent concept', 'learning agents', 'memorized learner agent', 'collaborative multiagent learning', 'agent incremental', 'learner agent agents']"
"['agent external behavior', 'agent behaviors', 'agent behavior', 'agent internal state', 'predicts behavior agents', 'include agents dynamics', 'predicting agents', 'agents predict', 'agent interactions', 'agent theory']"
"['user observations agents', 'environments sparse data', 'collaborate environments agents', 'observations agent', 'interacting computer agent', 'dynamic environments sparse', 'agents data', 'environments agents', 'distributed computer agents', 'combined data agents']"
"['search peer peer', 'distributed search protocol', 'peer information retrieval', 'search peer', 'search hierarchical p2p', 'distributed search sessions', 'distributed search', 'distributed search process', 'search processes peer', 'distributed search processes']"
"['searching agents network', 'dynamic networks agents', 'large networks agents', 'searching agents', 'routing queries agents', 'network efficient information', 'agents search', 'agents networks', 'dynamic large networks', 'large dynamic network']"
"['bluscreen advertising bidding', 'advertising agent bluetoothdevice', 'devices bidding agent', 'auction mechanism advertising', 'advertising bidding strategy', 'bidding agent advertisement', 'auction advertising', 'advertising bidding', 'auctions bidding agents', 'agents bluscreen advertising']"
"['planning satellite swarm', 'tasks satellite swarm', 'satellite swarm problem', 'satellite swarm communication', 'satellite swarms sets', 'satellite swarm simulations', 'swarm satellite swarm', 'developed satellite swarms', 'satellite swarm', 'observation satellite swarm']"
"['determination simultaneous auctions', 'analysis simultaneous auctions', 'simultaneous auctions', 'auctions simultaneous auctions', 'auctions global bids', 'auctions global bidders', 'global bidder auction', 'simultaneous auctions segmented', 'auction theory', 'bidder simultaeous auctions']"
"['weighted voting games', 'agent voting power', 'power weighted voting', 'weighted majority games', 'edges coalition agents', 'power indices game', 'game coalition edges', 'agents network flow', 'voting power indices', 'agent network flow']"
"['market barriers communication', 'market barriers agents', 'word mouth communication', 'perceived market barriers', 'communication networks marketing', 'mechanism word mouth', 'market barriers ability', 'market barriers effects', 'market barriers', 'effects market barriers']"
"['agent cognitive load', 'cognitive model agent', 'agent cognitive model', 'cognitive loads team', 'cognitive load modeling', 'cognitive load models', 'cognitive agent architecture', 'cognitive agent', 'human cognitive load', 'cognitive load model']"
"['parallel economic search', 'economic search distributed', 'parallel search equilibrium', 'strategies parallel search', 'economic search theory', 'economic search models', 'parallel search partnership', 'economic search partnerships', 'search equilibrium', 'cooperative search']"
"['distributed scheduling agents', 'agents effective scheduling', 'schedule temporal constraints', 'distributed schedule management', 'scheduling agents', 'schedules multiple agents', 'distributed schedule', 'multi agent schedules', 'agent scheduling', 'schedule distributed']"
"['agent social network', 'tasks social network', 'social network agents', 'social network tasks', 'distributed task', 'distributed task allocation', 'allocation social networks', 'distributed algorithms', 'allocation social network', 'arbitrary social network']"
"['judgment aggregation logics', 'judgment aggregation logic', 'logic judgment aggregation', 'reasoning judgment aggregation', 'logic preference aggregation', 'judgment preference aggregation', 'preference aggregation logic', 'judgment aggregation preference', 'principles judgment aggregation', 'preference aggregation judgment']"
"['utility rational agents', 'single adversarial agent', 'adversarial agent consider', 'adversarial agents explore', 'adversarial environment axioms', 'agents adversaries models', 'sum adversarial environment', 'adversarial behavioral axioms', 'adversarial agent behavior', 'adversarial agent']"
"['considered institution specification', 'institutional specification', 'institution specification', 'rudimentary institutional specifications', 'institutional specification containing', 'occurring institution specification', 'formal approaches institutions', 'structuring specification institution', 'specification institutions', 'institution organization specifications']"
"['openness virtual organizations', 'virtual organization', 'virtual organizations realised', 'virtual organizations', 'concerns virtual organization', 'different virtual organizations', 'virtual organizations achieved', 'def virtual organization', 'introduction virtual organizations', 'organizations virtual organizations']"
"['agents norms', 'agent norms', 'agents norms artificial', 'distributed enforcement norms', 'norm obligation agent', 'autonomous agents norms', 'norm aware agent', 'regulated multi agent', 'local agent norms', 'agent systems distributed']"
"['learning systems agents', 'learning algorithm agent', 'agentbased data mining', 'distributed learning architectures', 'distributed machine learning', 'learning agent', 'learning agents', 'learning agents systems', 'learning agents framework', 'machine approach agents']"
"['combinatorial auction algorithms', 'pause auction algorithms', 'algorithms combinatorial auctions', 'combinatorial auctions coordination', 'auction algorithms', 'combinatorial auction bidders', 'combinatorial auctions auction', 'combinatorial auction assumes', 'determination combinatorial auction', 'determination combinatorial auctions']"
"['negotiations multiple agents', 'individual agent negotiation', 'negotiation strategies agents', 'agent negotiation chain', 'agent global negotiation', 'agents negotiation chain', 'negotiation agent negotiation', 'singleagent concurrent negotiation', 'negotiation phase agents', 'negotiation outcome agents']"
"['distributed pseudotree optimization', 'pseudotree generation heuristics', 'pseudotrees heuristic', 'pseudotree heuristic heuristics', 'pseudotree heuristic', 'pseudotree common heuristic', 'heuristics better pseudotrees', 'produce pseudotrees heuristic', 'pseudotree optimization', 'edged pseudotree heuristic']"
"['probabilistic planning', 'planning stochastic environments', 'planning stochastic', 'approach planning control', 'markov tracking application', 'planning control agent', 'planning control', 'planning control approach', 'control markovian environment', 'markov decision processes']"
"['commitment machines language', 'agent programming language', 'agent interactions commitment', 'commitments agents', 'commitment machine framework', 'commitment machines framework', 'commitment machine implementations', 'agent programming languages', 'bdi agent programming', 'enhancing commitment machines']"
"['temporal logic specifications', 'temporal logics', 'temporal logic', 'languages models logics', 'temporal logic ictl', 'temporal strategic logics', 'time temporal logic', 'ctl temporal logics', 'reasoning agents', 'modeling formalism logic']"
"['agent programming languages', 'agent architectures languages', 'agent oriented software', 'semantics multiagent interactions', 'agent programming', 'multi agent programming', 'agent architectures', 'agents software components', 'agent platform architecture', 'semantics agent communication']"
"['normative systems agents', 'normative systems games', 'normative systems game', 'logic normative systems', 'agent goal hierarchy', 'properties normative games', 'game normative game', 'normative agent', 'normative game', 'agent hierarchy goal']"
"['multi issue negotiation', 'multilateral negotiation problem', 'multilateral negotiation negotiation', 'multi issue negotiations', 'based multiagent negotiation', 'multilateral negotiation', 'multiagent negotiation', 'multiagent negotiation strategy', 'multilateral negotiation setting', 'issue multilateral negotiation']"
"['distributed multiagent computing', 'distributed multiagent systems', 'distributed agents', 'agent distributed', 'distributed multiagent', 'distributed resource management', 'distributed resource allocation', 'multiagent computing', 'shared resource agents', 'agents multiagent systems']"
"['temporal logic', 'plausibility temporal framework', 'time temporal logic', 'epistemic temporal reasoning', 'logics time knowledge', 'notion plausibility logic', 'belief plausibility framework', 'ctl epistemic logic', 'temporal reasoning', 'logic ctlk plausibility']"
"['argumentation multi agent', 'agents argumentation process', 'argumentation agents', 'agents argumentation', 'argumentation process agents', 'learning communication argumentation', 'argumentation collaboration learning', 'argumentation committees agents', 'arguments agents', 'end argumentation agents']"
"['argumentation negotiation theory', 'based negotiation argumentation', 'negotiation like argumentation', 'argumentation negotiation dialogues', 'argumentation theory negotiation', 'negotiation argumentation', 'argumentation negotiation', 'argumentationbased negotiation dialogue', 'argumentationbased negotiation', 'argumentation negotiation process']"
"['complex voting games', 'shapley value voting', 'shapley value game', 'games polynomial time', 'games shapley value', 'voting game method', 'algorithm shapley', 'general voting games', 'computational complexity games', 'weighted voting game']"
"['multi issue negotiation', 'negotiation issue agents', 'individual issue negotiation', 'single issue negotiation', 'issue negotiation agents', 'negotiation indivisible issues', 'optimal negotiation', 'analogous negotiation problem', 'negotiating issue agents', 'optimal negotiation strategies']"
"['computerized negotiation', 'multi attribute negotiation', 'gains automated negotiations', 'negotiation analysis operations', 'decision negotiation', 'automated negotiation coalition', 'automated negotiation', 'minimizing negotiation', 'negotiation analysis', 'multi issue negotiation']"
"['distributed constraint satisfaction', 'shared constraints agents', 'automated negotiation negotiation', 'automated negotiation', 'constraint satisfaction framework', 'automated negotiation dcsp', 'automated negotiation multiagent', 'negotiation methods autonomous', 'constraint satisfaction approach', 'negotiation mechanisms']"
"['dimensional probabilistic trust', 'probabilistic trust', 'trust estimate agents', 'computational trust deals', 'computational trust models', 'probabilistic trust model', 'computational trust agent', 'multi dimensional trust', 'model computational trust', 'computational trust']"
"['optimal strategy security', 'mixed strategy adversaries', 'strategy adversaries', 'strategy security agent', 'security agent strategy', 'strategy security', 'simple strategies security', 'games uncertain adversaries', 'mixed strategy security', 'game theoretic problems']"
"['agent recommender systems', 'user agents privacy', 'agent recommender', 'multi agent recommender', 'collaborative filtering privacy', 'agents privacy', 'recommender functionality', 'information filter privacy', 'privacy details algorithms', 'information retrieval privacy']"
"['agent communication language', 'semantics agent communication', 'agent communication languages', 'semantics individual agents', 'agents mentalistic semantics', 'verifiable semantics agent', 'semantics agent', 'agent pairs semantics', 'agent communication', 'characterisation compliant agent']"
"['vehicular networks agents', 'agent vehicular networks', 'agents vehicular networks', 'agents cars network', 'vehicular networks', 'agents transportation networks', 'routes agents cars', 'vehicular networks using', 'context vehicular networks', 'interested vehicular networks']"
"['air traffic management', 'traffic flow agents', 'adaptive air traffic', 'management air traffic', 'model air traffic', 'complex air traffic', 'air traffic flow', 'traffic flow management', 'air traffic congestion', 'air traffic optimization']"
"['resources optimal allocation', 'optimal allocation resources', 'solving resource allocation', 'allocation problem resources', 'resource allocation problems', 'stochastic resource allocation', 'resource allocation problem', 'resource allocation task', 'approach resource allocation', 'simple resource allocation']"
"['scheduling multiagent mdps', 'scheduling problem agents', 'scheduling problems agents', 'scheduling multiagent', 'scheduling multiagent systems', 'resource scheduling agents', 'scheduling agents', 'combinatorial resource scheduling', 'scheduling problem formulation', 'optimal resource scheduling']"
"['organization self design', 'organizational structure agents', 'agents organizational design', 'organizational structures agents', 'organizational design multiagent', 'static organizational structure', 'organizational structures runtime', 'organizational primitives agent', 'approach organization agents', 'bespoke organizational structure']"
"['interactive pomdps generalize', 'interactive pomdps using', 'graphical representations pomdps', 'interactive pomdps', 'solutions interactive pomdps', 'analogous pomdps agent', 'computational representations pomdps', 'computational counterparts pomdps', 'analogous pomdps', 'pomdp framework']"
"['distributed pomdps', 'distributed pomdps synthesis', 'iteration decentralized pomdps', 'distributed pomdps set', 'pomdps algorithm', 'distributed pomdps paper', 'solving distributed pomdps', 'agents distributed pomdp', 'solutions distributed pomdps', 'distributed pomdp models']"
"['mdps heuristic solution', 'decentralized markov decision', 'decentralized mdp temporal', 'decentralized markov', 'algorithms dec mdps', 'mdp algorithms', 'decentralized mdps', 'dec mdp algorithm', 'mdp temporal constraints', 'alternative heuristics']"
"['extortionable conditional commitments', 'conditional commitments extortions', 'extortion conditional commitments', 'extortionable conditional commitment', 'commitments extortions', 'players actions commitments', 'conditional commitments players', 'assume commitments players', 'given commitments players', 'conditional commitments player']"
"['dynamic ontologies tool', 'mining ontologies', 'dynamo overview ontology', 'building dynamic ontologies', 'dynamic ontologies', 'dynamic ontology management', 'dynamic ontologies seen', 'hierarchical ontology', 'algorithm pruning ontologies', 'dynamic ontologies k√©vin']"
"['ontology matching mechanisms', 'alignment ontological entities', 'alignment ontological terminology', 'ontology matching', 'ontology alignment', 'need ontology matching', 'systems ontology matching', 'agents respective ontologies', 'ontology matching techniques', 'ontologies agents']"
"['similarity available services', 'semantic similarity services', 'preference learning requests', 'similarity services', 'based ontology negotiation', 'similarity consumer', 'ontology negotiation', 'semantics requests offers', 'ontology negotiate', 'service similar services']"
"['heterogeneous agent reputation', 'agent reputation models', 'agent reputation model', 'reputation models interoperability', 'reputation models agent', 'reputation model agent', 'reputation multi agents', 'reputation model ontology', 'ontology reputation models', 'interaction reputation agents']"
"['inter agent dialogues', 'dialogues agents', 'agent dialogues', 'relevance enforces dialogue', 'utterances dialogue relevance', 'dialogue relevance', 'dialogue argumentation', 'agents corresponding argumentation', 'absent dialogues agents', 'govern dialogues argument']"
"['agents protocol', 'consistency involved agents', 'reach consistency agents', 'mutual consistency agents', 'protocol situation agents', 'involve agents protocol', 'topological communication constraints', 'consistency agents', 'distributed agents', 'multi agent systems']"
"['abduction logic programming', 'proposals logic programming', 'negotiation logic programs', 'abduction artificial intelligence', 'computing proposals logic', 'abductive logic programming', 'proposals abductive logic', 'automated negotiation agents', 'logic multi agent', 'negotiating logic programs']"
"['negotiation encounters model', 'logic negotiation model', 'negotiation strategies', 'negotiation relationships', 'relationships negotiators', 'human negotiation modelling', 'achieve negotiation', 'negotiation model', 'negotiation modelling', 'human negotiation']"
"['protocol commitments agents', 'protocols agent reasoning', 'providing agents commitments', 'agent interactions protocols', 'reasoning interaction protocols', 'commitments agents', 'agents monitoring commitments', 'interactive actions commitments', 'agent interaction protocols', 'fulfill agents commitments']"
"['generalized trade reduction', 'trade reduction algorithms', 'trade reduction mechanism17', 'efficient auction mechanisms', 'trade reduction mechanisms', 'auction mechanisms', 'double auction mechanism', 'trade reduction', 'auction mechanisms supply', 'auction mechanism']"
"['web product reviews', 'online reviews automated', 'online feedback reporting', 'online product reviews', 'users textual reviews', 'rating behavior users', 'behavior online feedback', 'online product ratings', 'reporting online feedback', 'rating textual review']"
"['graph optimal trade', 'auction desirable equilibrium', 'monopolized agents sellers', 'graph sellers traders', 'equilibrium traders', 'free equilibrium traders', 'sellers pure equilibrium', 'graph buyers sellers', 'equilibrium trade', 'trading equilibrium']"
"['auctions item graphs', 'complexity combinatorial auctions', 'tractable combinatorial auctions', 'auction item graph', 'combinatorial auctions item', 'combinatorial auction item', 'auctions structured item', 'manageable combinatorial auctions', 'combinatorial auctions known', 'algorithm combinatorial auctions']"
"['theorem graphical games', 'nash equilibrium algorithms', 'theorem graphical game', 'algorithm graphical games', 'best nash equilibrium', 'equilibria graphical games', 'bounded payoff games', 'graphical games bounded', 'computing nash equilibria', 'computable nash equilibria']"
"['structured multiattribute auctions', 'auction additive preferences', 'practical multiattribute auctions', 'abstract multiattribute auction', 'multiattribute auctions', 'based multiattribute auction', 'multiattribute auction mechanisms', 'based auction multiattribute', 'multiattribute auctions multiattribute', 'multiattribute double auctions']"
"['scheduling makespan minimization', 'schedule makespan minimization', 'approximation mechanisms scheduling', 'bound scheduling mechanisms', 'ideas multidimensional scheduling', 'scheduling approximation', 'minimize makespan schedule', 'guarantees multidimensional scheduling', 'multidimensional scheduling', 'scheduling mechanisms']"
"['mediator position auctions', 'mediators position auctions', 'mediator position auction', 'auction valid mediator', 'mediator auction', 'valid mediator auction', 'position auction mediator', 'auction position mediator', 'mediator auction proof', 'mediators item auctions']"
"['auction vcg mechanism', 'auction vcg', 'redistribution vcg payments', 'vcg mechanism budget', 'vcg redistribution mechanism', 'vcg redistribution mechanisms', 'redistribution vcg', 'total vcg redistribution', 'optimal redistribution mechanisms', 'vcg mechanism strategy']"
"['kidney exchange markets', 'algorithms barter exchange', 'algorithms barter exchanges', 'nationwide kidney exchanges', 'kidney exchange market', 'exchanges kidney exchange', 'exchanging kidneys', 'efficient kidney exchange', 'exchanges kidney', 'world kidney exchanges']"
"['information markets projection', 'strategies information markets', 'markets projection game', 'strategies market scoring', 'abstract information markets', 'projection game market', 'betting markets information', 'betting game projection', 'model information markets', 'designed information markets']"
"['general permutation betting', 'permutation betting', 'betting matching problems', 'betting auctioneer', 'permutation betting section', 'auctioneer permutation', 'combinatorial auctions', 'betting market auctioneer', 'auctioneer subset betting', 'subset betting auctioneer']"
"['vertex cover auctions', 'vertex cover auction', 'polynomial time auction', 'auctions vertex cover', 'auctions vertex', 'cost truthful auction', 'auction vertex', 'auction vertex cover', 'frugality path auctions', 'generalized auctions']"
"['auctions compound securities', 'alternative formulations auctioneer', 'auction generalizations', 'formulation auctioneer functions', 'combinatorial auction generalizations', 'matching securities', 'matching compound securities', 'combinatorial auctions concept', 'risk combinatorial auctions', 'sequential auctions']"
"['combinatorial agency models', 'selfish agents', 'combinatorial agency problem', 'selfish agents figure', 'combinatorial agency', 'agent systems', 'combinatorial agency working', 'multi party computations', 'combinatorial agency extended', 'principal agent problem']"
"['learnability demand functions', 'feasibility demand forecasting', 'function forecast demand', 'demand forecasting', 'complexity demand functions', 'demand forecast', 'forecast demand', 'forecasts demand', 'estimation demand functions', 'nonparametric methods forecasts']"
"['efficient approximatelystrategyproof auction', 'efficient combinatorial auctions', 'optimal auction', 'efficient auction mechanism', 'efficient auction', 'auction design mathematics', 'auction problem scheme', 'optimal auction design', 'approximatelystrategyproof auction mechanism', 'combinatorial auctions']"
"['randomized bidding strategies', 'auctions searchbased advertising', 'auction bidding optimization', 'search auctions advertiser', 'sponsored search auctions', 'randomized bidding', 'randomized bids', 'uniform bidding strategies', 'randomizing bidding', 'advertisers query auction']"
"['actions optimal mechanism', 'optimal mechanism actions', 'optimal action mechanism', 'optimal mechanisms action', 'mechanism optimal action', 'optimal mechanisms players', 'optimal mechanisms restriction', 'optimality mechanisms', 'optimality action', 'bounded action mechanisms']"
"['optimal strategies commit', 'strategies bayesian games', 'commitment bayesian games', 'bayesian games leader', 'bayesian game leader', 'commitment strategy agents', 'optimal strategy leader', 'optimal strategy commit', 'strategy bayesian game', 'pure strategies corresponding']"
"['complexity graphical games', 'computation nash equilibria', 'games arbitrary trees', 'algorithm nash equilibria', 'equilibria graphical games', 'approximations nash equilibria', 'equilibrium graphical game', 'graphical nash', 'nash equilibrium vertex', 'graphical games bounded']"
"['auctions assignment constraints', 'multiattribute auctions', 'research multiattribute auctions', 'discussions multiattribute auctions', 'multiattribute double auctions', 'double auctions assignment', 'computational properties auction', 'multi attribute auctions', 'example multiattribute auction', 'allocation combinatorial auctions']"
"['limit order markets', 'limit order trading', 'market maximum instability', 'limit order market', 'order market mechanism', 'stocks limit order', 'order markets', 'stock limit order', 'modern equity markets', 'order stability']"
"['equilibria scrip p2p', 'online systems p2p', 'scrip p2p networks', 'systems p2p networks', 'p2p network practicality', 'efficiency nash equilibria', 's0 nash equilibrium', 'nash equilibria scrip', 'systems p2p', 'scrip p2p']"
"['game omniscient knowledge', 'socratic games worlds', 'game theoretic', 'information classical game', 'studied game theory', 'socratic games models', 'game theoretic setting', 'unobservable socratic games', 'socratic game theory', 'game theory players']"
"['isomorphism extensive games', 'game isomorphic abstraction', 'abstracted game correspond', 'games imperfect information', 'equilibrium abstracted game', 'algorithm explicit game', 'computational game theory', 'computing game theory', 'smaller abstracted game', 'abstracted smaller game']"
"['coalitional games attributes', 'attribute coalitional games', 'attribute coalitional game', 'multiattribute coalitional games', 'complexity coalitional game', 'coalitional game theory', 'coalitional games agents', 'coalitional game agents', 'model coalitional games', 'models coalitional game']"
"['auctions options approach', 'auction options', 'auctions options', 'option auction', 'electronic auction market', 'electronic auction', 'auctions option', 'online auctions options', 'options scheme auctions', 'auction option']"
"['revenue keyword auctions', 'optimal keyword auctions', 'optimal keyword auction', 'advertisements auctioning', 'keyword auctions', 'keyword auction bidders', 'actual keyword auctions', 'revenue optimal ranking', 'evaluates advertisers bids', 'yahoo keyword auctions']"
"['evolutionary game theory', 'classical evolutionary game', 'adversarial graphs random', 'random graphs adversarial', 'evolutionary dynamics graphs', 'graphs adversarial mutations', 'evolutionary equilibria', 'game theory networks', 'sources evolutionary game', 'evolutionary equilibria power']"
"['sponsored search auctions', 'analyses slot auctions', 'slot auctions approach', 'secondprice slot auctions', 'slot auction allocation', 'various slot auction', 'search auctions', 'analysis search auctions', 'alternative slot auction', 'price slot auction']"
"['viral marketing', 'conducive viral marketing', 'product viral marketing', 'products viral marketing', 'dynamics viral marketing', 'viral marketing question', 'marketing viral marketing', 'candidates viral marketing', 'viral marketing product', 'viral marketing efficiency']"
"['recommender ratings', 'ratings based recommender', 'recommender monitoring', 'recommendations ratings', 'recommender performance metrics', 'ratings recommender', 'recommender performance', 'improving recommendations users', 'recommenders commerce', 'improving recommendations']"
"['empirical mechanism analysis', 'empirical mechanism design', 'procurement behavior measures', 'mechanism design decisions', 'particular procurement behavior', 'mechanism parameter outcome', 'methods empirical mechanism', 'procurement behavior', 'design parameter outcomes', 'procurement estimates']"
"['iterative combinatorial auctions', 'efficient combinatorial auctions', 'iterative combinatorial auction', 'combinatorial auctions', 'implementation combinatorial auctions', 'combinatorial auctions theory', 'introduction combinatorial auctions', 'auction practical combinatorial', 'combinatorial auction', 'combinatorial auction involves']"
"['predictions information markets', 'prediction accuracy markets', 'accuracy information markets', 'predictions opinion pools', 'predicted information markets', 'aggregate expert predictions', 'individual experts polls', 'predictions individual experts', 'experts polls information', 'accuracy opinion pools']"
"['communication complexity voting', 'complexity voting rules', 'complexity voting rule', 'complexity common voting', 'communication protocols voting', 'protocols voting rules', 'voting rule bounds', 'complexity voting', 'theorems voting procedures', 'sorted communication complexity']"
"['algorithm iterated dominance', 'dominances pure strategies', 'weak dominance games', 'game notions dominance', 'dominance pure strategies', 'eliminate strategies dominance', 'iterated dominance elimination', 'pure strategies dominating', 'dominance games', 'mixed strategy dominating']"
"['routers selfish agents', 'hop networks actions', 'cooperation intermediate nodes', 'selfish intermediate nodes', 'hop network agents', 'intermediate nodes cooperate', 'nodes independent agents', 'obedient packet forwarding', 'cooperation nodes', 'agents intermediate nodes']"
"['allocation equilibrium fairness', 'fair resource allocation', 'fairness allocation equilibrium', 'allocation shared clusters', 'fairness equilibrium allocation', 'equilibrium allocation envy', 'resource sharing clusters', 'decentralized scheduling games', 'allocation methods fairness', 'fairness allocation']"
"['optimal competitive auction', 'optimal auction items', 'optimal auctions', 'competitive generalized auctions', 'optimal auction', 'auctions optimal auction', 'small optimal auction', 'optimal auctions offer', 'competitive auction auction', 'optimal auction techniques']"
"['auctions robust solution', 'auctions robust solutions', 'solutions robust auctions', 'robust auctions', 'optimal solutions auctions', 'solutions combinatorial auctions', 'robustness various auction', 'solution combinatorial auction', 'reparability auction solutions', 'combinatorial auctions minimize']"
"['coalitional game representation', 'coalitional games representation', 'algorithms coalitional games', 'abstraction coalitional games', 'arbitrary coalitional game', 'agents coalitional game', 'coalitional games assign', 'coalitional games studied', 'coalitional game theory', 'coalitional games described']"
"['truthful mechanism allocation', 'binary optimization demand', 'binary demand games', 'binary demand game', 'truthful mechanism scheduling', 'games binary demand', 'optimization demand game', 'truthful mechanisms scheduling', 'binary optimization', 'demand game allocation']"
"['costs job scheduling', 'jobs shapley value', 'job allocation rule', 'serveral axioms fairness', 'equitable cost allocations', 'sharing job scheduling', 'job shapley value', 'job allocation', 'queueing problems economic', 'job allocations']"
"['decentralized incentive compatible', 'decentralized mechanisms', 'mechanisms decentralized', 'incentive techniques peer', 'algorithms selfish agents', 'incentive compatible mechanisms', 'mechanism peer', 'decentralized incentive', 'decentralized mechanism', 'simple decentralized mechanism']"
"['exchange iterative bidders', 'iterative combinatorial auctions', 'bid combinatorial exchanges', 'iterative bidders', 'iterative auctions', 'practical combinatorial auction', 'combinatorial auction design', 'combinatorial auctions', 'combinatorial auction', 'auction practical combinatorial']"
"['weak monotonicity truthfulness', 'monotonicity suffices truthfulness', 'monotonicity truthful paper', 'monotonicity truthfulness', 'monotonicity sufficient functions', 'truthfulness convex domains', 'suffices convex domains', 'weak monotonicity suffices', 'convex domains hypotheses', 'sufficiency weak monotonicity']"
"['incentive compatible negotiationrange', 'negotiationrange mechanisms', 'negotiation range mechanisms', 'develop negotiationrange mechanisms', 'auction mechanism', 'auction mechanism buyer', 'heterogeneous negotiation', 'negotiation markets preliminaries', 'standard auction mechanism', 'negotiation based']"
"['privacy attitudes behavior', 'privacy economics immediate', 'commerce privacy preferences', 'privacy economics', 'privacy attitudes', 'electronic commerce privacy', 'rational privacy behavior', 'model privacy attitudes', 'economic theory privacy', 'privacy psychological distortions']"
"['donation matching', 'expressive negotiation donations', 'negotiation donations charities', 'charities expressive bidding', 'donation negotiating', 'negotiation donations', 'donate negotiation', 'contemplated donation negotiating', 'match customers donations', 'donation combinatorial auctions']"
"['online scheduling', 'real time scheduling', 'scheduling algorithm', 'scheduling', 'problem online scheduling', 'online scheduling jobs', 'incentive compatible agents', 'scheduling problem', 'online mechanism incentive', 'algorithm scheduling']"
"['incentive techniques peer', 'incentives p2p', 'peer peer incentive', 'peer incentive engineering', 'peer incentive', 'reputation management p2p', 'identity p2p systems', 'identities p2p systems', 'peer p2p systems', 'challenges p2p']"
"['interoperability diffusion', 'compatibility diffusion technologies', 'interoperability diffusion models', 'diffusion technologies social', 'compatibility interoperability diffusion', 'diffusion innovations economics', 'diffusion technologies', 'diffusion model technologies', 'diffusion social networks', 'competing technologies']"
"['mechanisms combinatorial auction', 'preference aggregation mechanisms', 'combinatorial auction design', 'preference aggregation mechanism', 'optimal auction design', 'optimal auctions combinatorial', 'consider combinatorial auction', 'setting optimal auction', 'optimal combinatorial auctions', 'optimal combinatorial auction']"
"['market dpm mechanism', 'mechanism dpm market', 'continuous double auction', 'markets pari mutuel', 'pari mutuel markets', 'markets pari', 'mutuel market hedging', 'mutuel market ability', 'new market mechanism', 'mutuel market traders']"
"['elicitation combinatorial auction', 'algorithm combinatorial auctions', 'class combinatorial auction', 'combinatorial auctions theory', 'complexity combinatorial auctions', 'programming combinatorial auction', 'combinatorial auctions', 'mechanism combinatorial auctions', 'introduction combinatorial auction', 'combinatorial auction']"
"['online trading algorithms', 'trading algorithms', 'trading online algorithms', 'algorithms stock trading', 'trading algorithm', 'vwap trading algorithms', 'theoretical online trading', 'trading algorithms varieties', 'algorithm trading', 'way trading algorithms']"
"['cheating auctions', 'auctions type cheating', 'auctions cheating', 'auction cheating', 'auction profitable cheating', 'cheating auctions results', 'cheating price auction', 'cheating auctions section', 'cheating bidders', 'secure auctions']"
"['connection game graphs', 'graphs strong equilibrium', 'equilibrium congestion games', 'symmetric connection game', 'strong equilibrium games', 'games strong equilibrium', 'graph strong equilibrium', 'strong equilibrium graph', 'network congestion games', 'connection game graph']"
"['information equilibrium', 'markets computation', 'market mechanism security', 'equilibrium price security', 'market computation', 'information market trading', 'markets price security', 'artificial markets science', 'information markets', 'prices information markets']"
