"['entropy ramsey graphs', 'ramsey graphs entropy', 'ramsey bipartite graphs', 'bipartite ramsey graphs', 'entropy ramsey', 'ramsey graphs frankl', 'extractors entropy note', 'extractors entropy', 'source extractors entropy', 'ordinary ramsey graphs']"
"['probabilistic retrieval model', 'probabilistic retrieval models', 'information retrieval models', 'probabilistic retrieval', 'retrieval models', 'probabilities probabilistic retrieval', 'retrieval retrieval models', 'retrieval model', 'retrieval models combine', 'retrieval models formalised']"
"['crawling systems', 'high performance crawling', 'performance crawling', 'high performance crawlers', 'performance crawlers', 'optimized crawl', 'architecture optimized crawl', 'web crawling strategy', 'scalable crawling', 'crawler general approach']"
"['hiperlan mobile access', 'hiperlan access networks', 'mobile access network', 'hiperlan access network', 'public wireless access', 'mobility hiperlan network', 'cellular access', 'mobile access', 'wlan systems hiperlan', 'hiperlan 3g access']"
"['graphics schematic depictions', 'schematic depictions using', 'visualization shadow', 'schematic depictions', '2d visualization interaction', '2d information displays', 'visual information', 'visualization interaction', 'spatial description presentation', '2d visualization shadow']"
"['targeted advertising keywords', 'content targeted advertising', 'match ads keywords', 'advertising search', 'keywords advertisements', 'advertising keywords', 'information matching ads', 'search based advertising', 'advertising search based', 'associating ads web']"
"['information technology curriculum', 'technology model curriculum', 'information technology model', 'technology curriculum', 'information computer science', 'term information technology', 'information systems lecture', 'information technology provides', 'information related disciplines', 'information systems computer']"
"['modeling personalized search', 'personalized search agent', 'model personalized search', 'modeling information retrieval', 'modeling interactive retrieval', 'personalized web search', 'specific retrieval models', 'information retrieval model', 'retrieval models relevance', 'retrieval implicit user']"
"['nearest neighbor search', 'nearest neighbour search', 'searches nearest', 'finds closest object', 'closest objects query', 'algorithms nearest neighbor', 'algorithms nearest', 'distance computations search', 'search tree distance', 'distance search']"
"['evaluation embedded interpreters', 'embedded interpreters', 'embedded interpreters macros', 'analysis embedded languages', 'embedded interpreters regard', 'interpreters embedded languages', 'generation debuggers interpreters', 'debuggers interpreters', 'evaluation embedded languages', 'programs embedded languages']"
"['mining sequential patterns', 'sequential pattern mining', 'algorithms incremental mining', 'existing sequential mining', 'example incremental mining', 'complicates incremental mining', 'sequential mining algorithms', 'sequential mining', 'incremental mining', 'incremental frequent pattern']"
"['distributed rdf', 'query semantic web', 'rdf api implementations', 'rdf infrastructure', 'semantic web distributed', 'rdf repositories', 'rdf infrastructures', 'rdf repositories abstract', 'rdf storage retrieval', 'managing rdf']"
"['evaluators abstract machines', 'abstract machines interpreters', 'evaluator abstract machine', 'evaluators interpreters', 'abstract machine evaluator', 'abstract machines calculus', 'evaluators abstract', 'monadic evaluator', 'monadic evaluator yields', 'evaluator abstract']"
"['extended similarity trajectories', 'similarity trajectories', 'detection similar trajectories', 'time warping trajectories', 'similarities trajectory datasets', 'similarity estimates trajectory', 'expensive similarity measures', 'similarity trajectories given', 'providing similarity measures', 'discovery closest trajectories']"
"['retrieval language', 'detailed retrieval models', 'information retrieval language', 'retrieval research reading', 'relevance based language', 'retrieval retrieval models', 'reap information retrieval', 'retrieval models', 'detailed retrieval', 'based retrieval extensibility']"
"['queries local pages', 'global pages queries', 'pages geographical locality', 'queries global pages', 'geographical locality queries', 'pages global queries', 'discussing query categorization', 'queries according locality', 'global local queries', 'pages geographical scope']"
"['social networks privacy', 'online privacy', 'site privacy', 'online privacy problems', 'privacy online', 'usage inferred privacy', 'risk social networking', 'disclosed facebook', 'usage site privacy', 'users attitudes privacy']"
"['hyperlinks enhanced topic', 'hyperlink induced topic', 'web hyperlink analysis', 'topic model web', 'hyperlink analysis', 'extract relevant links', 'hyperlinks enhanced', 'aware hyperlink based', 'diffuse relevant links', 'hyperlink based topic']"
"['information assurance', 'security component curriculum', 'information assurance education', 'information security education', 'security information education', 'information assurance training', 'information assurance it2005', 'education information assurance', 'technology information assurance', 'study information assurance']"
"['perceptual user interfaces', 'interactive use crayons', 'interactive classification', 'interactive machine learning', 'classify interactive', 'crayons machine learning', 'new perceptual interface', 'perceptual interface classification', 'classify interactive use', 'perceptual interface']"
"['frequent itemsets based', 'frequent itemsets database', 'frequent itemsets finding', 'finding frequent itemsets', 'frequent itemsets data', 'interestingness frequent itemsets', 'pruning frequent itemsets', 'frequent itemsets association', 'frequent itemsets given', 'frequent itemsets using']"
"['wlan bluetooth performance', 'bluetooth wlan performance', 'interference bluetooth devices', 'interference bluetooth', 'bluetooth interference', 'wlan bluetooth devices', 'wlan bluetooth', 'interference evaluation bluetooth', 'interference performance bluetooth', 'interference wlan bluetooth']"
"['information displays', 'presenting information displays', 'conventional information displays', 'display peripheral awareness', 'display conveys awareness', 'displays infocanvas', 'awareness displays systems', 'communicate information glance', 'displays informative', 'peripheral awareness displays']"
"['constraints 3d graphics', 'graphics geometric constraints', '3d geometric constraints', 'constraints 3d', 'geometric constraint library', 'geometric constraints based', '3d geometric layout', 'constraints user interface', 'coordinates geometric constraints', 'incorporate geometric constraints']"
"['sensor nodes storage', 'centric storage kddcs', 'storage kddcs scheme', 'contention storage sensors', 'sensors distributed', 'queries sensor networks', 'distributed sensors', 'sensor network queries', 'efficient distributed', 'sensor networks query']"
"['multilingual topic tracking', 'language topic tracking', 'tracking topics', 'detection topic tracking', 'topic tracking', 'tracking native topic', 'modeling topic tracking', 'topic tracking carried', 'topic tracking present', 'topic model tracking']"
"['preservation reconstructing websites', 'lazy preservation website', 'caches reconstructing websites', 'web archives', 'repositories lazy preservation', 'lazy preservation downloading', 'website preservation', 'crawl cache websites', 'website preservation perspective', 'observations reconstructing websites']"
"['imbalance svms', 'clusters svms', 'balanced data svms', 'classification clusters', 'machines svms', 'svms imbalanced', 'training svms', 'imbalanced support vector', 'data svms', 'clusters support vector']"
"['web search interfaces', 'learning query languages', 'web search resources', 'learning querying', 'web search', 'information retrieval exist', 'query language web', 'web query languages', 'querying web resources', 'query languages web']"
"['data object clustering', 'object clustering', 'dissimilarity measure clusters', 'text mining dissimilarity', 'object clustering algorithms', 'similar traditional clustering', 'cluster dependent keywords', 'clusters identified clustering', 'representation data clusters', 'clustering idea identify']"
"['semi supervised kernel', 'semi supervised kernels', 'classification unified kernel', 'learning unified kernel', 'kernel machine classify', 'unified kernel logistic', 'supervised kernel machine', 'supervised learning kernel', 'supervised kernels labeled', 'unifying supervised kernel']"
"['computer graphics architecture', '3d graphics hardware', '3d graphics accelerator', '3d graphics architectures', 'performance 3d graphics', 'graphics architecture', 'microprocessor specialized graphics', 'architecture computer graphics', 'graphics hardware architecture', 'graphics architectures developed']"
"['indexing broadcast data', 'indexing schemes broadcasting', 'index data broadcast', 'indexing broadcast', 'wireless data dissemination', 'location based indexing', 'data location broadcast', 'broadcast index', 'indexing schemes proposed', 'data dissemination']"
"['online bayesian bagging', 'bayesian online bagging', 'smaller bayesian bagging', 'batch bayesian bagging', 'compared bayesian bagging', 'bagging bayesian bagging', 'bayesian batch bagging', 'models bagged prediction', 'bagging bayesian', 'bagged prediction']"
"['web table detection', 'table detection web', 'table understanding web', 'based table detection', 'tables web documents', 'tables table detection', 'genuine tables web', 'web documents tables', 'web document table', 'table detection feature']"
"['rendering photon mapping', 'hardware accelerated rendering', 'tracing photon mapping', 'accelerated rendering photon', 'based photon mapping', 'shaders photon mapping', 'latency photon mapping', 'photon mapping application', 'mapping algorithm shader', 'photon block hash']"
"['greedy oblivious schedulers', 'construct oblivious scheduler', 'information oblivious scheduler', 'oblivious scheduler propose', 'oblivious schedulers', 'oblivious scheduler assigns', 'use oblivious scheduler', 'guarantee oblivious scheduler', 'oblivious schedulers known', 'oblivious scheduler perform']"
"['classify documents', 'document classifiers', 'document classifiers keyword', 'details concept discovery', 'automatic classification document', 'keywords documents', 'using keywords documents', 'document representations keywords', 'information retrieval', 'document concept relationships']"
"['analysis cancer classification', 'cancer classification machine', 'cancer classification using', 'classification microarray data', 'cancer classification method', 'classifier microarray', 'prediction classification cancer', 'classification cancer classifying', 'cancer classification', 'classification microarray']"
"['level microarray analysis', 'level microarray research', 'microarray research', 'microarray analysis community', 'microarray analysis', 'microarrays revolutionized', 'low level microarray', 'approaches level microarray', 'inference microarray analysis', 'microarray analysis associated']"
"['measuring cohesion packages', 'software high cohesion', 'package cohesion describes', 'package cohesion conclusion', 'cohesion packages', 'object package cohesion', 'cohesion package based', 'cohesion object oriented', 'package measure cohesion', 'measuring package cohesion']"
"['methods measuring government', 'government measurement evaluated', 'government measurement', 'measuring government', 'government measurement include', 'practices government measurement', 'measurement effectiveness government', 'theory measuring government', 'developments electronic government', 'electronic government based']"
"['scheduling slow machines', 'scheduling algorithms', 'machines scheduling', 'scheduling jobs machines', 'scheduling algorithm', 'machine scheduling', 'related machines scheduling', 'algorithm scheduling', 'scheduling problem applications', 'processing time scheduling']"
"['email predictive algorithms', 'personal communitynet', 'predicting personal information', 'personal communitynets', 'communitynet modeling', 'personal social networks', 'prediction communitynet', 'personal social network', 'model communitynet senders', 'communitynet models']"
"['object oriented software', 'object oriented specifications', 'modeling software designs', 'object oriented design', 'object oriented development', 'modeling software code', 'object oriented architecture', 'software code modeling', 'oriented software design', 'describing software behavior']"
"['search information extraction', 'searching information intranet', 'intranet search based', 'intranet search search', 'intranet search systems', 'intranet search using', 'organize intranet search', 'retrieval information search', 'intranet search designed', 'use information extraction']"
"['sensor networks epidemic', 'epidemic spreading node', 'networks using epidemic', 'epidemics network graph', 'network perform epidemic', 'networks epidemic theory', 'node transmits epidemic', 'spread epidemic graphs', 'epidemic outbreak network', 'networks based epidemic']"
"['routing protocols security', 'security routing protocols', 'sensor networks adversary', 'networks formal security', 'adversary sensor environments', 'protocols security', 'protocols security holes', 'sensor routing protocols', 'security analysis routing', 'protocols designed security']"
"['compliant queries obfuscation', 'database constructions obfuscate', 'obfuscated database constructions', 'constructions obfuscate database', 'infeasible database obfuscated', 'obfuscate database evaluation', 'queries obfuscation satisfies', 'queries obfuscate database', 'database obfuscation', 'attributes obfuscating database']"
"['peer data integration', 'peer agreements answering', 'integrity constraints peer', 'computing peer agreements', 'peer preferences databases', 'peer source databases', 'peer peer systems', 'peer schema peer', 'peer peer data', 'query answering peer']"
"['quantitative rules statistic', 'rule statistic support', 'rule discovery', 'discovery rules statistics', 'discovering significant rule', 'rule discovery methods', 'rule discovery literature', 'rules data mining', 'datasets rule discovery', 'introduction rule discovery']"
"['distributed wireless sensor', 'wireless sensor networks', 'sensors communicate cluster', 'sensor network distributed', 'sensor nodes cluster', 'wireless sensor nodes', 'wireless sensor network', 'sensor networks communication', 'sensor node cluster', 'sensor networks wsn']"
"['parallelism web crawler', 'architectures parallel crawler', 'architecture parallel crawler', 'techniques parallel crawler', 'crawler parallelization', 'introduction distributed crawler', 'related parallel crawler', 'parallel crawler discuss', 'architecture web crawler', 'design parallel crawler']"
"['network game optimized', 'network game data', 'game data transport', 'proposed gaming proxy', 'game transport protocol', 'game data delivery', 'internet connection game', 'network gaming', 'proxy based congestion', 'network games demand']"
"['simulations programmable graphics', 'interactive visual simulations', 'programming simulations graphics', 'simulations graphics hardware', 'graphics hardware simulations', 'visual simulation graphics', 'visual simulation rendering', 'simulations running graphics', 'simulation implemented graphics', 'simulation graphics']"
"['presence physiological measures', 'physiological measures presence', 'presence physiological', 'presence physiology', 'measures presence sensitivity', 'presence presence evoked', 'presence sensitivity', 'presence presence', 'measures subjective presence', 'measuring presence']"
"['chinese text segmentation', 'words chinese text', 'chinese text text', 'approach chinese text', 'retrieval chinese text', 'techniques chinese text', 'words contextual information', 'chinese text', 'formula chinese text', 'chinese text called']"
"['privacy trust negotiation', 'automated trust negotiation', 'protection sensitive information', 'sensitive information credentials', 'trust negotiation systems', 'leakage automated trust', 'trust negotiation set', 'trust negotiation designed', 'disclosures credentials requests', 'protecting privacy trust']"
"['probabilistic topic model', 'probabilistic topic models', 'topics authors detection', 'author topic models', 'topic author models', 'author topic modeling', 'topic models information', 'topics document modeling', 'topic models', 'mining topics']"
"['search interface usability', 'evaluating usability search', 'search speed measures', 'user interface search', 'usability search', 'user interfaces search', 'search user interface', 'search speed measure', 'search speed answers', 'study usability search']"
"['secure 3d graphics', 'protecting 3d graphics', 'security 3d content', '3d content protection', 'protected 3d content', 'protected 3d graphics', 'protection 3d graphics', '3d graphics protection', 'rendering purposes security', 'attacks remote rendering']"
"['person robot directs', 'robot detect person', 'robot detects person', 'person tracking attention', 'person addressing robot', 'robots attention person', 'speak robot attention', 'person guide robot', 'robot direct attention', 'attention interaction robot']"
"['persuasive advertising product', 'psychological customization advertising', 'personalized advertising', 'persuasion advertising commerce', 'advertising persuasion commerce', 'persuasion advertising product', 'processing persuasion advertising', 'attitudes behavior advertising', 'persuasive advertising effectiveness', 'persuasive advertising']"
"['database watermarking scheme', 'watermarking relational data', 'relational data watermarked', 'watermarking relational', 'database watermarking', 'new database watermarking', 'propose watermarking scheme', 'key watermarking schemes', 'watermarked data', 'data watermarking']"
"['information context superimposing', 'information context middleware', 'information models addressing', 'superimposing conceptual models', 'underlying information sources', 'integrated information context', 'information structured', 'context base information', 'supports context excerpts', 'underlying data sources']"
"['bluetooth network encapsulation', 'bluetooth service architecture', 'ip services bluetooth', 'ip service bluetooth', 'bluetooth networks', 'bluetooth resource reservation', 'formation bluetooth networks', 'bluetooth network', 'bluetooth service environment', 'communications bluetooth']"
"['answer terms retrieval', 'answer extraction selection', 'question answering systems', 'web question answering', 'question answering web', 'answer extraction', 'question answering task', 'redundancy answer extraction', 'results question answering', 'answer extraction giving']"
"['course programming languages', 'courses programming languages', 'programming languages course', 'programming languages freshmen', 'study programming languages', 'programming languages curriculum', 'described course programming', 'teaching programming languages', 'programming course', 'proposals programming languages']"
"['ranking commerce web', 'web databases rank', 'query result ranking', 'result ranking commerce', 'user ranking', 'retrieval techniques rank', 'automatic ranking', 'user ranking method', 'query based retrieval', 'ranks query results']"
"['user query classification', 'query classification', 'classification query classification', 'web document retrieval', 'query classification used', 'query classification method', 'retrieval performance classification', 'query classification scheme', 'query retrieval based', 'document retrieval types']"
"['base documents querying', 'integrated information querying', 'querying heterogeneous information', 'level query systems', 'query systems', 'info query processor', 'bi level querying', 'query interface suggest', 'xml query interface', 'query systems describes']"
"['aware ranking packets', 'ranking packets', 'ranking sample packet', 'ranking packets carry', 'protocol aware ranking', 'ranking flows detection', 'packets flows sampling', 'detection ranking flows', 'sampling flow ranking', 'flows detection ranking']"
"['objectrank layered graphs', 'graph pagerank', 'pagerank ranking', 'graph objectrank', 'pagerank', 'pagerank considers', 'pagerank rank', 'traditional pagerank', 'presents pagerank', 'page pagerank']"
"['ranking photos', 'photo ranking', 'ranking web objects', 'results ranking photos', 'web object ranking', 'ranking web', 'ranking photos popularity', 'web photo score', 'rank web objects', 'quality photo ranking']"
"['information sharing web', 'information sharing using', 'information social network', 'information shared users', 'social network information', 'users social networks', 'disseminating sharing information', 'proposed information sharing', 'social network using', 'social networks information']"
"['peer storage utility', 'peer storage systems', 'distributed systems client', 'distributed server', 'peer storage', 'server distributed applications', 'spatial database server', 'client server distributed', 'large online data', 'spatial online databases']"
"['multimedia scientific information', 'database researchexplorer', 'information researchexplorer', 'researchexplorer implemented', 'insights exploration multimedia', 'researchexplorer systems', 'researchexplorer exploration', 'multimedia scientific data', 'researchexplorer ui', 'researchexplorer facilitates']"
"['cognitive complexity measure', 'complexity measure software', 'software complexity measure', 'software cognitive complexity', 'software complexity measures', 'information complexity measure', 'cognitive complexity software', 'software complexity measurement', 'comprehensive complexity measure', 'complexity cognitive complexity']"
"['bluetooth scheduling', 'scheduling bluetooth', 'communication bluetooth scatternets', 'scheduling bluetooth piconets', 'bluetooth scatternets slaves', 'bluetooth scatternets abstract', 'bluetooth scatternets', 'scheduling communication scatternet', 'coordinated scatternet scheduling', 'bluetooth scatternets bluetooth']"
"['sensor network reprogramming', 'reprogramming sensor network', 'dynamic linking reprogramming', 'run time linking', 'reprogramming sensor nodes', 'programming sensor networks', 'energy consumption execution', 'reprogramming wireless sensor', 'software running sensor', 'embedded systems sensor']"
"['debug sensor network', 'sensor network debugging', 'sensor devices debugging', 'sensor network simulators', 'distributed debugger', 'ability debug sensor', 'debugging single sensor', 'hardware based debuggers', 'capability debug sensor', 'debugging tools sensor']"
"['large sensor networks', 'sensor networks nodes', 'events sensor networks', 'forwarding packet aggregation', 'sensor networks protocol', 'tree based packets', 'networks sensor networks', 'neighbors packet aggregation', 'nodes packets aggregation', 'packets aggregation forward']"
"['large graph databases', 'mining graph databases', 'mining large graph', 'graph databases mining', 'index graph databases', 'graph pattern mining', 'large graphs database', 'mining graph database', 'databases large graphs', 'mining graph patterns']"
"['ip services multimedia', 'multimedia services ip', 'multimedia services authentication', 'access multimedia services', 'multimedia services voip', 'ip services mobile', 'protocols sip application', 'usage multimedia services', 'ip multimedia', 'network multimedia services']"
"['secure aggregation algorithms', 'securing network aggregation', 'propose secure aggregation', 'node secure aggregation', 'approaches secure aggregation', 'secure aggregation', 'level aggregation security', 'secure aggregation scheme', 'aggregation security', 'secure aggregation require']"
"['middleware sensor networks', 'sensorbus distributed', 'sensorbus middleware', 'sensorbus middleware model', 'sensor network communication', 'wireless sensor networks', 'sensor network needs', 'communication sensor networks', 'sensorbus architecture', 'sensor node computing']"
"['broadcast authentication sensor', 'broadcast authentication protocol', 'data authentication broadcast', 'authentication sensor networks', 'design broadcast authentication', 'broadcast authentication approaches', 'novel protocol authenticates', 'efficient broadcast authentication', 'authentication secure broadcast', 'adapted broadcast authentication']"
"['ranking classification microarray', 'selection microarray data', 'algorithms classifying microarray', 'microarray classification', 'classifying microarray data', 'selection microarray', 'classifying microarray', 'gene selection microarray', 'classification microarray samples', 'classification microarray']"
"['visualization flexible isosurface', 'contour trees visualization', 'contour tree abstraction', 'simplifies contour trees', 'isosurfaces volume rendering', 'contour tree exploration', 'contour tree based', 'contour trees surfaces', 'contour sweeping data', 'simplified contour trees']"
"['resilient packet forwarding', 'relaying nodes misbehavior', 'defense compromised nodes', 'packet dropping attacks', 'malicious nodes', 'malicious nodes drop', 'compromise resilient packet', 'sensor networks security', 'relaying packet intended', 'propose resilient packet']"
"['current search engines', 'web search engine', 'purpose search engines', 'purpose search engine', 'proposed search engine', 'smartcrawl search engine', 'searching engines', 'pages search engines', 'search engines use', 'considered search engine']"
"['braille translation engine', 'braille translation systems', 'indian language toolset', 'text braille translation', 'translation braille text', 'indian languages toolset', 'indian languages tools', 'computerised braille transcriptor', 'braille text indian', 'visually impaired indian']"
"['stylecam animation', 'stylecam interaction', 'stylecam animation clips', 'stylecam interaction model', 'interaction stylecam', 'illustrate stylecam', 'figure stylecam interaction', 'stylecam implemented', 'presentation stylecam', 'stylecam approach']"
"['use tactile displays', 'tactile displays', 'abstract tactile displays', 'user haptic interface', 'tactile display', 'technology tactile displays', 'devices tactile displays', 'limited tactile displays', 'tactile graphics', 'tactile haptic device']"
"['tcp performance modeling', 'modeling tcp performance', 'conventional tcp timer', 'tcp throughput degradation', 'improving tcp', 'tcp throughput losses', 'tcp throughput approach', 'tcp throughput link', 'improves tcp', 'tcp variable delay']"
"['taught sql', 'sql education', 'sql course implementation', 'sql concepts implementation', 'sql concepts', 'course introduces databases', 'database concepts including', 'sql course', 'oracle course', 'databases students learn']"
"['measures retrieval performance', 'retrieval performance measured', 'simple retrieval measure', 'analyzing retrieval measures', 'retrieval performance propose', 'retrieval performance based', 'retrieval performance results', 'retrieval measures', 'retrieval measure', 'underlying retrieval performance']"
"['recognition motion streams', 'recognizing motion streams', 'recognizing motions streams', 'motions streams recognition', 'motion stream recognition', 'motion streams recognizing', 'motion streams similarity', 'recognize motion streams', 'stream motion recognition', 'streams recognizing motion']"
"['cell architecture performance', 'cell processors', 'processor scientific computing', 'cell performance benchmarks', 'cell computational capabilities', 'architecture scientific computations', 'cell processor building', 'cell processor', 'potential cell processor', 'memory cell processor']"
"['components use ontologies', 'components use ontology', 'mediation ontology technologies', 'components ontology', 'software component retrieval', 'source software components', 'existing software components', 'specific components ontology', 'use ontologies mediators', 'software component information']"
"['relaxed service ontology', 'service ontologies choice', 'service ontology generalization', 'service ontologies', 'service ontologies understood', 'available service ontologies', 'use service ontologies', 'services semantic', 'service ontology representing', 'purpose service ontology']"
"['word prediction aac', 'fringe word prediction', 'word prediction speed', 'communication rate speaking', 'prediction fringe words', 'augmentative communication aac', 'speaking rate', 'aac corpus', 'communication making aac', 'using aac corpus']"
"['topic transition detection', 'detection topic transitions', 'transition detection videos', 'detecting topic transitions', 'transition detection video', 'videos probabilistic detection', 'videos probabilistic', 'videos inference', 'hierarchical hmms', 'decomposition semantics videos']"
"['video searching ranking', 'ranking video search', 'video relevance ranking', 'relevance ranking video', 'content ranking videos', 'relevance video metadata', 'rank video search', 'ranking videos', 'content rank videos', 'video ranking']"
"['access policy language', 'access control languages', 'control policy languages', 'policies languages', 'policies written languages', 'access control policies', 'policies language', 'policies languages based', 'reasoning policies language', 'control policy language']"
"['topic trend analysis', 'tracking topic structure', 'topic emergence detection', 'tracking topic structures', 'topic tracking', 'identification topic emergence', 'modeling topic structure', 'topic structure identification', 'topic trend tracked', 'topics analysis']"
"['theft information management', 'manage theft information', 'security breach theft', 'theft information thefts', 'examines theft information', 'thefts information hit', 'protect theft information', 'information thefts', 'breaches information systems', 'manage security breach']"
"['collaboration information seeking', 'collaborative information seeking', 'information seeking researchers', 'information seeking activities', 'individual information seeking', 'information seeking practices', 'seeking information participants', 'seeking collaborative information', 'individual information seeker', 'information seeking']"
"['faults transactional agent', 'fault transactional agent', 'computers transactional agent', 'fault tolerant agent', 'computer transactional agent', 'implementation transactional agent', 'reliable transactional agent', 'fault tolerant object', 'agent tolerant computer', 'transactional agent implemented']"
"['mining bilingual search', 'term translation search', 'translation search engine', 'query translation engine', 'translations search', 'uses bilingual search', 'query terms translation', 'bilingual search', 'monolingual content search', 'translations search result']"
"['generic haskell', 'types haskell', 'types haskell type', 'haskell type classes', 'haskell type', 'haskell type class', 'type indexed functions', 'generic functions types', 'functions generic types', 'polymorphism haskell type']"
"['service robot software', 'services robot application', 'services robot', 'implement robot application', 'service robot applications', 'developing service robot', 'constructing service robot', 'service robot', 'service robots developed', 'services service robot']"
"['distributed information retrieval', 'distributed document retrieval', 'centralized retrieval', 'retrieval resource selection', 'information retrieval known', 'information search retrieval', 'search retrieval', 'information retrieval algorithms', 'retrieval algorithms', 'document retrieval selection']"
"['3g network exposed', 'exploits 3g network', 'traffic 3g networks', 'robustness 3g network', 'traffic 3g', 'impact 3g networks', 'traffic 3g network', 'robustness 3g', '3g robustness', '3g network security']"
"['objects recommending systems', 'ranking contextual recommendation', 'search tool recommending', 'recommendation tool used', 'tool recommending objects', 'recommendation tools', 'recommend objects users', 'contextual recommending', 'contextual recommendation designed', 'recommending objects']"
"['software defect density', 'code churn metrics', 'measuring code churn', 'metrics code churn', 'analyzed code churn', 'bugs code churn', 'systems code churn', 'code churn measure', 'code churn measures', 'code churn release']"
"['cellular environment traffic', 'reasoning traffic pattern', 'agent traffic pattern', 'recognise traffic patterns', 'traffic pattern manage', 'based reasoning traffic', 'reasoning traffic', 'traffic patterns implemented', 'network agent approach', 'recognise traffic']"
"['processes business objects', 'objects business process', 'process business object', 'business objects process', 'business object role', 'business process models', 'business objects roles', 'roles business process', 'role business object', 'business process modeling']"
"['ambient information design', 'design ambient information', 'information ambient displays', 'ambient information systems', 'ambient information displays', 'design ambient', 'designers ambient information', 'ambient systems designers', 'develop ambient information', 'information ambient']"
"['personalized information agents', 'profiles query generation', 'generating search engine', 'profile query generation', 'profiling query generation', 'user generating queries', 'automatic query generation', 'profiles generate queries', 'generate queries profiles', 'query generation mechanisms']"
"['video transcoder coding', 'novel video coding', 'video coding efficiency', 'mb transcoded video', 'video transcoder', 'encoding decoding video', 'efficient video encoding', 'video coding', 'video transcoder comprised', 'process video transcoder']"
"['mobile users streaming', 'streaming service necessitates', 'streaming services necessitates', 'timely video streaming', 'facilitating streaming', 'streaming services presence', 'facilitate video streaming', 'provided streaming services', 'users streaming service', 'streaming services']"
"['taxonomy integration classification', 'bootstrapping approach taxonomy', 'web taxonomy integration', 'consider taxonomies web', 'taxonomy integration enhancing', 'taxonomy training', 'categorization source taxonomy', 'emerging semantic web', 'taxonomy integration enhanced', 'improve taxonomy integration']"
"['indian language indexed', 'crawl indian language', 'indian language web', 'indian languages web', 'search indian language', 'indian language content', 'webkhoj search engine', 'indian language websites', 'indian langauge content', 'content indian language']"
"['documents crawlers', 'academic documents crawling', 'academic publications crawl', 'desired documents crawlers', 'publications crawl', 'metadata focused crawlers', 'documents crawling', 'advantages crawling approaches', 'authors focused crawl', 'desirable content crawler']"
"['web databases sampling', 'queries documents generated', 'information extracted web', 'queries information extracted', 'extraction hidden web', 'hidden web databases', 'retrieval hidden web', 'sampling documents databases', 'queries sampled documents', 'information extraction web']"
"['qos mobile subscribers', 'gsm networks strategies', 'qos mobile', 'gsm networks performance', 'mobile telecommunications', 'cellular mobile network', 'qos 3g mobile', 'service qos 3g', 'performance management 3g', 'qos 3g']"
"['ranking component retrieval', 'facet ranking retrieval', 'ranking software components', 'ranking retrieval component', 'component ranking', 'ranking components', 'ranking components keyword', 'facet based retrieval', 'retrieval software components', 'retrieval software component']"
"['crawling online relevance', 'topic based crawls', 'topic driven crawlers', 'focused crawlers topic', 'links crawl', 'crawlers topic based', 'crawling resource discovery', 'focused crawler enhanced', 'basic focused crawler', 'focused crawl']"
"['fast volume rendering', 'volume rendering approach', 'volume segmentation rendering', 'volume rendering toolkit', 'volume rendering', 'parallel volume rendering', 'volume rendering data', 'hardware volume rendering', 'volume visualization', 'volume rendering filters']"
"['personal information agent', 'personalized information filtering', 'information using agent', 'collaborative browsing agent', 'browsing agent knowledge', 'information extracting agents', 'intelligent personalized filtering', 'filtering agent needs', 'technology personalized information', 'information agent']"
"['retrieval associative networks', 'associative retrieval approach', 'retrieval knowledge representation', 'approach associative retrieval', 'associative retrieval', 'information retrieval knowledge', 'adaptive information retrieval', 'retrieval associative', 'retrieval information retrieval', 'underlying information retrieval']"
"['wireless traffic modeling', 'characterization wireless traffic', 'wireless traffic', 'wireless traffic provide', 'markovian traffic issues', 'kinds wireless traffic', 'focused wireless traffic', 'wireless data traffic', 'wireless ip traffic', 'markovian traffic']"
"['reasoning languages bindings', 'meta reasoning languages', 'theory languages bindings', 'meta theory languages', 'formalize larger type', 'reasoning languages', 'languages bindings implemented', 'custom type theory', 'implement theory metaprl', 'logic formal languages']"
"['delivery parallel computations', 'parallel computations provides', 'asymmetrical parallel computations', 'parallel computations', 'parallel computations called', 'parallel computations using', 'parallel computations present', 'parallel computations barriers', 'parallel computation section', 'parallel computation']"
"['learning techniques bioinformatics', 'bioinformatics machine learning', 'machine learning bioinformatics', 'techniques bioinformatics', 'classifying biological data', 'learning bioinformatics', 'biology data learning', 'learning systems bioinformatics', 'research bioinformatics', 'bioinformatics research']"
"['aspect oriented programming', 'performance aspect oriented', 'aspect language applications', 'aspect tcp', 'aspect language implemented', 'aspect oriented languages', 'aspect oriented language', 'aspect language programming', 'aspect prefetching expressions', 'aspect oriented systems']"
"['website quality evaluation', 'websites quality evaluation', 'quality evaluation indexes', 'website comparison ranking', 'evaluate websites', 'evaluation index methods', 'evaluation indexes business', 'evaluate quality websites', 'business website comparison', 'assesses business websites']"
"['supporting interactive animation', 'interactive 3d animation', 'interactive animation', 'interactive animation using', '3d animated', '3d animation environment', 'animated 3d graphics', '3d computer animation', 'interactive animation playback', 'interactive animated']"
"['testing database systems', 'database tests semantics', 'testing database applications', 'database test cases', 'intensional database tests', 'database testing', 'designed testing database', 'database tests specified', 'database testing based', 'test databases']"
"['handover mobile station', 'handover measurement data', 'handover mobile', 'analysis soft handover', 'handover measurements groups', 'handover occur signal', 'analysis mobile networks', 'handover concept measurements', 'gsm networks', 'mobile networks']"
"['programming aspect oriented', 'aspect oriented software', 'aspect oriented programming', 'oriented programming component', 'programming component based', 'aspect oriented paradigm', 'oriented programming aspect', 'component based web', 'aspect oop implementation', 'programming aspect']"
"['attack resilient aggregation', 'aggregation sensor networks', 'attacks augmenting aggregation', 'compromised nodes aggregation', 'sensor network adversary', 'aggregation query attacks', 'resilient aggregation algorithms', 'aggregate attack approach', 'aggregation algorithms guard', 'network data aggregation']"
"['event multimodal information', 'presentation multimodal information', 'automated rich presentation', 'multimodal information retrieval', 'multimedia content analysis', 'multimodal information extraction', 'multimodal information multimedia', 'presentation semantic topic', 'presentation multimodal', 'event multimodal']"
"['database security course', 'course database security', 'database security courses', 'courses database security', 'study database security', 'introducing database security', 'database security topics', 'developing database security', 'offering database security', 'database security basics']"
"['titles extractions', 'automatic extraction titles', 'automatic title extraction', 'successful title extraction', 'best title extraction', 'reliable title extraction', 'title extraction', 'title extraction use', 'title extraction research', 'title extraction suggesting']"
"['sensor node intrusion', 'recovering sensor nodes', 'recover nodes intrusion', 'detection node recovery', 'attacks sensor networks', 'distributed node recovery', 'algorithms node recovery', 'sensor network nodes', 'detection misbehaving nodes', 'communicating sensor nodes']"
"['bayesian online classifiers', 'filtering text classification', 'text classification filtering', 'online classifiers text', 'classification filtering text', 'documents bayesian classifiers', 'classifiers text classification', 'classifiers classify text', 'online classifiers classify', 'online classifiers']"
"['better pagerank', 'pagerank features', 'effective pagerank', 'pagerank machine', 'pagerank', 'features pagerank', 'worse pagerank', 'ranking web pages', 'pagerank domain features', 'based pagerank']"
"['constructions secure computation', 'general secure computation', 'secure computation', 'known secure computation', 'protocols secure computation', 'computation secure', 'definitions secure computation', 'computation secure presence', 'cryptographic primitives require', 'homomorphic encryption schemes']"
"['bluetooth dynamic scheduling', 'scheduling bluetooth', 'aware scheduling bluetooth', 'interference aware scheduling', 'bluetooth performance interference', 'bluetooth packet loss', 'bluetooth interference aware', 'bluetooth wlan packets', 'bluetooth performance', 'bluetooth interference environment']"
"['crawling web characterization', 'performance web crawling', 'effectiveness crawling breadth', 'efficient crawling', 'search crawling yields', 'web crawling', 'effectiveness crawling', 'search crawling', 'crawling web', 'crawled pagerank']"
"['broadcast messages people', 'names personal messages', 'broadcast information contacts', 'names broadcast messages', 'instant messaging', 'messenger participants', 'messaging systems person', 'information im contacts', 'use im names', 'messaging systems']"
"['library history web', 'archive web', 'internet archive', 'library studying web', 'historical web data', 'web research', 'researchers carrying web', 'using historical web', 'research history web', 'historical web']"
"['histories women computing', 'women computing history', 'history women computing', 'women computing curriculum', 'women computing educators', 'women computing education', 'women histories computing', 'women history computing', 'gender computing education', 'early women computing']"
"['technology dependable computing', 'dependable computing', 'quantum computing architectures', 'nano computing', 'quantum computational devices', 'dependable computing systems', 'quantum computational device', 'vital quantum computing', 'age nano computing', 'quantum computing']"
"['sustainable community information', 'sustainability computerized community', 'community information systems', 'sustain community information', 'developing community information', 'making community information', 'computerized community', 'information community', 'systems community information', 'computerized community information']"
"['machine learning security', 'machine learning attacker', 'security machine learning', 'attacks machine learning', 'learning intrusion targets', 'learning intrusion', 'attacks learning', 'include attacks learning', 'targets learning intrusion', 'learning techniques intrusion']"
"['information retrieval drawing', 'drawings information retrieval', 'retrieval drawing', 'user drawing manipulations', 'recognition user drawings', 'user drawings', 'retrieval sketch manipulations', 'information drawing manipulations', 'information retrieval pen', 'systems user drawing']"
"['bytewise compressed indexes', 'faster uncompressed index', 'performance compressed index', 'bytewise compressed index', 'retrieval systems compression', 'suitable index compression', 'disadvantage bytewise compressed', 'access index compression', 'compressed indexes', 'index compression schemes']"
"['databases enforce consistency', 'integrity constraints databases', 'inconsistent relational databases', 'constraints databases enforce', 'queries denial integrity', 'notion consistent query', 'integrity constraints database', 'consistency ground queries', 'corresponding conflicts database', 'consistency occurrence integrity']"
"['applicability consistent query', 'consistent query answering', 'semantics consistent query', 'databases consistent answers', 'conjunctive queries databases', 'answering relational databases', 'characterizations consistent query', 'tractability consistent query', 'technique consistent query', 'constraints query languages']"
"['usability web information', 'increasing usability web', 'usability web', 'context aware web', 'web systems introduces', 'web information systems', 'discussing banking web', 'systems web information', 'web services understanding', 'services understanding web']"
"['partial object recognition', 'symmetry image databases', 'recognition using symmetry', 'occluded objects recognition', 'recognize partial objects', 'objects image retrieval', 'portion objects recognition', 'contours objects recognizing', 'recognition occluded object', 'matching object recognition']"
"['categorical clustering algorithms', 'algorithm categorical clustering', 'categorical clustering notion', 'categorical clustering', 'clustering categorical data', 'clustering categorical', 'cluster categorical data', 'clustering categorical records', 'treats categorical clustering', 'cluster categorical']"
"['cohesion measures reusability', 'reusability java components', 'dependencies incorporated metrics', 'reusability java', 'incorporated metrics cohesion', 'researches software metrics', 'metrics predict maintainability', 'assess reusability', 'software reusability', 'software metrics']"
"['distributed 3d graphics', 'distributed interactive applications', 'distributed objects programming', 'graphics libraries objects', 'programmer viewpoint objects', 'interactive graphical applications', 'graphics distributed components', 'distributed graphics', 'distributed programming language', 'graphics data structures']"
"['navigational query identification', 'web search boost', 'query identification features', 'identifying navigational queries', 'query classification', 'identify navigational queries', 'features navigational query', 'features navigational', 'navigational queries web', 'feature navigational query']"
"['functional verification coverage', 'generation functional verification', 'design bayesian network', 'simulation dynamic verification', 'design bayesian', 'directed test generation', 'test generation known', 'verification simulation', 'verification coverage', 'test case generators']"
"['book indexes', 'books indexes presented', 'said book indexes', 'documentation little indexing', 'index printed book', 'content analysis indexing', 'individual books indexes', 'books indexes', 'indexing style books', 'individual book indexes']"
"['metrics boolean classification', 'classification performance metrics', 'boolean classification performance', 'roc curve metrics', 'metrics appropriate predictions', 'boolean classification accuracy', 'metrics roc', 'metrics used training', 'decision metric', 'metric performance metrics']"
"['database security curriculum', 'database security course', 'teaching database security', 'database security topics', 'security database', 'database security concepts', 'security needs database', 'concepts database security', 'learning database security', 'database security book']"
"['routing bluetooth scatternet', 'dbblue bluetooth scatternet', 'routing bluetooth', 'bluetooth scatternet abstract', 'dbblue scatternet route', 'nodes scatternet slaves', 'dbblue scatternet construction', 'slave nodes scatternet', 'bluetooth scatternet', 'bluetooth scatternet bridge']"
"['commerce statistics countries', 'commerce developed countries', 'commerce statistical country', 'commerce statistics development', 'countries commerce commerce', 'informationization country', 'development informationization country', 'countries overview commerce', 'countries make commerce', 'commerce statistics world']"
"['information systems structuration', 'information systems shaped', 'information systems paradigm', 'information design use', 'community information systems', 'use information systems', 'information systems used', 'information design', 'information design case', 'information design community']"
"['detect tcp failures', 'diagnosis tcp overlay', 'diagnosing tcp overlay', 'tcp failures based', 'learning tcp failure', 'tcp failures infer', 'collecting tcp failure', 'tcp failure data', 'probability tcp failures', 'collect tcp failure']"
"['digital assets xml', 'metadata digital assets', 'digital assets database', 'database digital assets', 'assets described xml', 'structured digital assets', 'xml database designed', 'asset storage xml', 'xml database enterprises', 'digital content xml']"
"['slaves bluetooth scatternets', 'scatternet scheduling scheme', 'bluetooth scatternets', 'scatternet scheduling', 'distributed scatternet scheduling', 'bandwidth bluetooth', 'scatternet scheduling gateways', 'coordinated scatternet scheduling', 'scheduling scatternet', 'bandwidth bluetooth unit']"
"['topic directoryrank', 'page directoryrank', 'directoryrank main topics', 'ranking pages topic', 'topic directoryrank metric', 'directoryrank useful topic', 'directoryrank order web', 'informative pagerank', 'directoryrank topic', 'measures ranking pages']"
"['service discovery ranking', 'web service discovery', 'biased service discovery', 'ranking web services', 'service discovery evaluation', 'discovering relevant services', 'web services ranking', 'ranking relevant services', 'based service discovery', 'relevance source service']"
"['descriptors retrieval applications', 'descriptors retrieval', 'basic descriptors retrieval', 'descriptors distance measurement', 'visual information retrieval', 'descriptors distance', 'descriptors recommended distance', 'retrieval visual', 'distance measures descriptor', 'retrieval information']"
"['regard robots dogs', 'dog vs robot', 'robots dogs', 'robotic dogs', 'dogs robots children', 'robot dogs', 'regard robots', 'robots robotic dogs', 'dogs robots', 'noun dog robot']"
"['web hidden search', 'web crawling', 'effective hidden web', 'search hidden web', 'web crawler simplicity', 'hidden web search', 'hidden web crawler', 'frequent hidden web', 'crawler generate query', 'queries crawler']"
"['java language extension', 'aspectj language programmer', 'aspectj language compiler', 'java language extensions', 'extension java language', 'java language features', 'aspectj extension java', 'aspectj language', 'aspectj programs meta', 'aspectj programs']"
"['studied query logs', 'query logs studied', 'query log analysis', 'daily query traffic', 'overall query traffic', 'trends categorized queries', 'query logs distinguishes', 'available query logs', 'analysis query frequency', 'web query logs']"
"['discriminative text classification', 'text categorization methods', 'text categorization classification', 'class text categorization', 'text categorization achieve', 'text categorization', 'text categorization tasks', 'automatic text categorization', 'class text classification', 'techniques text categorization']"
"['file phrase queries', 'indexes efficient phrases', 'fast nextword indexes', 'large index phrases', 'efficient phrase querying', 'index phrase browsing', 'nextword index processing', 'file phrase query', 'phrase oriented indexes', 'techniques nextword indexes']"
"['retrieval similar shapes', 'fast retrieval objects', 'shapes andprocessing similarity', 'similarity queries shape', 'retrieval similar', 'indexing shapes', 'records matching shapes', 'similarity retrieval', 'shapes measure similarity', 'similar shapes descriptors']"
"['voxelization computers graphics', 'triangle voxelization graphics', '3d slicer voxelization', 'volumetric graphics voxelization', 'graphics voxelization', 'geometry rendering voxelization', 'voxelization using graphics', 'efficient surface voxelization', 'surface voxelization slice', 'voxelization graphics']"
"['rdf semantic', 'notions rdf data', 'semantic query capabilities', 'rdf formalization', 'rdf schemas', 'querying semantic', 'formalization rdf data', 'rdf schema', 'semantic querying', 'formalization rdf']"
"['query based memory', 'memory database queries', 'query memory banks', 'memory friendly database', 'consumption query memory', 'query optimizer memory', 'memory resident databases', 'memory resident dbms', 'query memory', 'memory energy query']"
"['spark security programs', 'specification security safety', 'specification security', 'spark security', 'safety integrity analysis', 'integrity flows subprogram', 'information flow integrity', 'semantics based security', 'security level flow', 'flow security information']"
"['entropy self organization', 'agent self organization', 'entropy coordination', 'measures entropy coordination', 'entropy self', 'organization concomitant entropy', 'entropy macro agent', 'self organization mechanisms', 'behavior entropy', 'agent coordination']"
"['location entropy sensing', 'sensor selection localization', 'location entropy sensor', 'sensors selection entropy', 'sensor entropy based', 'target location entropy', 'sensor selection heuristic', 'informative sensor entropy', 'sensor informative entropy', 'localization entropy based']"
"['global pageranks', 'global pageranks care', 'global pagerank', 'global pagerank estimate', 'global pagerank crawl', 'global pagerank web', 'pageranks entire web', 'local pageranks', 'pagerank web communities', 'pagerank crawl']"
"['measures similarity recommending', 'recommendations produced similarity', 'recommending online communities', 'similarity recommending', 'recommending communities', 'measure similarity recommender', 'community recommendation base', 'similarity recommender', 'recommendations communities', 'recommendation base community']"
"['helpful searching browsing', 'simple searching browsing', 'browse search interface', 'browsing searching', 'www search interface', 'browsing searching functions', 'traditional search interfaces', 'results browsing interaction', 'search interface describes', 'searching browsing examples']"
"['identifying topics events', 'events dependencies news', 'topic event models', 'news topic event', 'modeling news topics', 'threading events news', 'event threading news', 'dependencies news topic', 'threading news topics', 'identifying events topic']"
"['learning kernels optimization', 'optimization svms', 'evolutionary learning kernels', 'evolutionary svms', 'evolutionary svm', 'optimization statistical learning', 'optimization kernel', 'evolutionary svm variants', 'kernels optimization', 'optimization kernel matrix']"
"['object based middleware', 'extensible object middleware', 'flexible middleware infrastructure', 'object middleware design', 'approaches flexible middleware', 'object middleware', 'object corba middleware', 'approach middleware extensibility', 'implementation middleware', 'based middleware implementation']"
"['interact robot fan', 'fan human robot', 'robot task effectiveness', 'robots task saturation', 'interaction effort robot', 'robots user interface', 'fan robot activity', 'measure robot activity', 'robot activity time', 'computing robots perform']"
"['fast sort compressed', 'compression sorting strings', 'fast string sorting', 'compression sorting algorithms', 'compression sorting word', 'compression sorting', 'ram string sorting', 'string sorting algorithms', 'order compression techniques', 'sort compressed']"
"['fbram pixel write', 'buffer fbram vram', 'fbram vram', 'fbram video buffers', 'vram fbram', 'buffers constructed vram', 'buffers unlike vram', 'ram fbram', 'vram frame buffers', 'specialized memory frame']"
"['named entity recognition', 'entity recognition focused', 'entity recognition news', 'recognition named entity', 'entity recognition', 'text categorization entity', 'entity recognition named', 'entity recognition techniques', 'entities corpus', 'entity recognition using']"
"['functional stg language', 'haskell compiler', 'haskell language', 'imperative stg machine', 'description haskell language', 'sestoft language semantics', 'constructions sestoft semantics', 'compilers logics', 'sestoft operational semantics', 'stg machine constructions']"
"['web query classification', 'query classification classify', 'query classification', 'categories query classification', 'query classification aim', 'classifier query classification', 'used query classification', 'query classification methods', 'query classification task', 'data query classification']"
"['collaborative crawling', 'collaborative crawler crawling', 'efficient crawling', 'focused collaborative crawler', 'crawling strategies', 'performance crawling strategies', 'collaborative crawling strategies', 'collaborative crawling approach', 'collaborative crawling strategy', 'based collaborative crawling']"
"['3d graphics benchmarks', '3d graphics benchmark', 'mobile 3d graphics', '3d graphics architectures', '3d graphics benchmarking', 'graphics benchmark suite', 'graphics benchmarking described', '3d benchmarks employed', 'embedded 3d graphics', 'graphics benchmark suites']"
"['handoff 3g networks', 'handoff 3g', '3g vertical handoff', 'handoff wlan', 'handoff wlans', 'vertical handoff wlans', 'mt handoff 3g', 'handoff wireless', 'wlan vertical handoffs', 'network vertical handoff']"
