"['grid service discovery', 'service discovery grids', 'discovery grid services', 'grid discovery services', 'discovery grid service', 'scalable grid service', 'services grids', 'specialized grid service', 'grid services', 'grid service providers']"
"['deployment sensor networks', 'sensors observed deployment', 'sensor deployment strategy', 'detection sensor network', 'infrastructures deployment sensor', 'sensor network deployed', 'sensor deployment', 'sensor networks performing', 'deployment strategies sensor', 'detection sensor networks']"
"['voip audio conferencing', 'distributed voip conferencing', 'voice virtual conferencing', 'building voip conferencing', 'distributed voip', 'voip conferencing', 'building voip application', 'voip conferencing challenges', 'voip conferencing propose', 'audio conferencing need']"
"['swarm worm details', 'host swarm worm', 'swarm worm described', 'behaviors swarm worm', 'performance swarm worm', 'worm swarm worm', 'swarm worm', 'worm swarms', 'swarm worm including', 'cracking swarm worm']"
"['modular protocols based', 'building modular protocols', 'modular protocols', 'modular network protocols', 'protocols protocol modules', 'expressing modular protocols', 'protocol modules frameworks', 'protocol frameworks protocols', 'protocol composition frameworks', 'implemented protocol frameworks']"
"['availability data center', 'outages data centers', 'data availability', 'outages data center', 'service availability', 'providing service availability', 'high availability services', 'availability services', 'achieve high availability', 'continuous availability']"
"['metrics mobile object', 'runtimes mobile objects', 'distributed mobile applications', 'mobile application adaptation', 'mobile object frameworks', 'metrics collection middleware', 'adaptation mobile applications', 'objects providing middleware', 'middleware components metrics', 'metrics mobile']"
"['servers allocation strategies', 'distributed computational storage', 'servers allocation scheme', 'adjusted faster servers', 'parallel downloading datasets', 'data transport replica', 'parallel downloading', 'parallel data transfers', 'distributed storage resources', 'servers allocation']"
"['localizing sensor network', 'localization sensor network', 'localization wireless sensor', 'localization wireless', 'sensor nodes localization', 'localize sensor nodes', 'network localization', 'distributed network localization', 'cost accurate localization', 'localizing sensor']"
"['throughput blast grid', 'sequence comparison blast', 'blast searches grids', 'grid implementation blast', 'blast searches grid', 'task allocation grids', 'nodes blast search', 'blast searches sequence', 'biological sequence comparison', 'parallelization blast']"
"['molecular conformational search', 'molecular conformation search', 'conformational search program', 'conformation search improvement', 'conflex computational', 'searching molecular conformers', 'molecular mechanics grid', 'performance conflex grid', 'conformationalspacesearch basic strategy', 'conflex searched conformers']"
"['adaptive computing grid', 'adaptive applications grid', 'adaptive execution grids', 'grid computing resource', 'utilize grid resources', 'applications grid resources', 'available grid resources', 'grid application applications', 'performance availability grid', 'grid scheduling']"
"['scalable reliable multicast', 'multicast data dissemination', 'multicast scalable', 'approach streaming multicast', 'peer streaming nodes', 'multicast efficient', 'reliable multicasting overlay', 'stream dissemination', 'multicast tree', 'tree internet streaming']"
"['distributed documents', 'documents shared', 'sharing documents', 'distributed documents case', 'documents distributed', 'peer file sharing', 'file sharing', 'file sharing designed', 'distributed peer', 'share documents']"
"['caching systems peer', 'caching protocols', 'peer cache consider', 'storage buddycache peer', 'peer caching', 'scalable internet caches', 'caching protocol', 'regular peer cache', 'peer cache', 'stand peer cache']"
"['context information negotiation', 'distributed context providers', 'distributed context', 'context aware computing', 'negotiation context providers', 'context providers negotiate', 'applications utilize context', 'context aware applications', 'context acquisition negotiation', 'possible context providers']"
"['keys distributed sensor', 'distributed keys', 'attacks sensor network', 'secure key distribution', 'attack sensor network', 'key establishment scheme', 'pairwise key establishment', 'clusters sensor network', 'key node sensors', 'network key']"
"['security event brokers', 'better event encryption', 'control security publish', 'event access encryption', 'encrypted events broker', 'network trusted events', 'encrypted event broker', 'clients event encryption', 'event encryption', 'secure event types']"
"['peer overlay streaming', 'peer peer streaming', 'peer streaming', 'streaming content peer', 'bandwidth peers approach', 'mechanism peer receiver', 'peer receiver driven', 'peerto peer streaming', 'bandwidth peer minimizing', 'peer peer receiver']"
"['voice loss packets', 'packet loss speech', 'loss important packets', 'tradeoff packet loss', 'packets loss dependence', 'loss packets', 'packets sensitive loss', 'packet losses', 'packets voice', 'experience packet loss']"
"['worlds grid computing', 'dynamic virtual environments', 'complex virtual environments', 'online worlds grid', 'indexing virtual space', 'server based grid', '3d virtual environments', 'virtual worlds', 'division virtual worlds', 'virtual environments']"
"['adaptive resourcemanagement middleware', 'adaptive resource management', 'distributed resource management', 'management adaptive resource', 'resource management distributed', 'adaptive resourcemanagement', 'adaptive resource provisioning', 'resource management middleware', 'providing adaptive resource', 'adaptive middleware capabilities']"
"['assimilation reservoir modeling', 'ensemble reservoir models', 'data assimilation ensemble', 'computing reservoir modeling', 'geological model ensemble', 'simulations reservoir modeling', 'reservoir models method', 'ensemble geological models', 'reservoir modeling field', 'reservoir modeling']"
"['location sensor nodes', 'locations wireless sensor', 'sensor node localization', 'localize sensor nodes', 'location sensor node', 'localization wireless sensor', 'localizing sensor network', 'wireless sensor nodes', 'localization accuracy nodes', 'positioning wireless sensor']"
"['sensor network localization', 'localizing sensor network', 'sensor nodes localization', 'localization sensor networks', 'sensor node localization', 'network localization based', 'network localization', 'localizing sensor', 'localization wireless sensor', 'locations sensor nodes']"
"['sensors archive data', 'archived sensor data', 'archiving sensors distributed', 'sensor storage architecture', 'sensor storage approach', 'constructing sensor storage', 'sensor store data', 'indexing sensor networks', 'storage sensor data', 'sensor storage']"
"['range queries distributed', 'large range queries', 'multidimensional range queries', 'queries sensor networks', 'efficient queries sensor', 'indices sensor network', 'queries distributed index', 'network distributed index', 'range queries routing', 'dimensional range queries']"
"['opportunistic routing protocols', 'opportunistic network routing', 'protocols opportunistic networks', 'epidemic routing protocols', 'evaluating opportunistic routing', 'opportunistic networks routing', 'opportunistic routing', 'routing protocol epidemic', 'protocol epidemic routing', 'protocol opportunistic networks']"
"['search rescue systems', 'management wireless sensor', 'sensor network need', 'sensor network applications', 'sensor network', 'rescue systems', 'wireless sensor network', 'search rescue applications', 'network sensors', 'sensor network developed']"
"['fairness dead reckoning', 'fairness distributed game', 'comparison dead reckoning', 'sending dead reckoning', 'players varying delays', 'using dead reckoning', 'reckoning vectors sender', 'dead reckoning vectors', 'accuracy dead reckoning', 'players maintaining accuracy']"
"['global synchronization', 'continuous consistency multiplayer', 'consistency multiplayer', 'local lag maintain', 'help global synchronization', 'eliminate inconsistency synchronization', 'synchronization', 'synchronization gs', 'distributed multiplayer', 'lag maintain']"
"['large online data', 'spatial online databases', 'large spatial databases', 'maintained spatial database', 'spatial database server', 'peer storage utility', 'online data prolonged', 'spatial data archives', 'accessible spatial database', 'online spatial data']"
"['context aware group', 'interaction mobile group', 'context awareness group', 'mobile ubiquitous environments', 'context aware applications', 'location sensing group', 'context aware application', 'interaction location sensing', 'users context groups', 'aware group interaction']"
"['distributed execution grid', 'management grid computing', 'processes grid centralized', 'grid computing architecture', 'middleware grid computing', 'enact processes grid', 'distributed process execution', 'execution proposed grid', 'grid centralized coordination', 'grid architecture infrastructure']"
"['weighted congestion games', 'failures congestion games', 'congestion games resource', 'model congestion games', 'generalization congestion games', 'corresponding congestion game', 'theorem congestion games', 'congestion games model', 'resource failures congestion', 'congestion games constructing']"
"['distributed hash table', 'scalable aggregation trees', 'scalable aggregation tree', 'distributed hash', 'scalable aggregation', 'distributed databases', 'aggregation achieving scalability', 'scale distributed applications', 'scalable distributed', 'scalable trees aggregation']"
"['spectrum content management', 'distributed content media', 'storage centralized content', 'distributed content management', 'multimedia content distributed', 'content distribution storage', 'content storage', 'serving multimedia content', 'distributed content', 'streaming content distribution']"
"['proxy based games', 'game distributed authority', 'distributed game clients', 'communication proxies game', 'proxy aware game', 'proxy based gaming', 'proxy based game', 'proxies aware game', 'distributed game', 'player distributed games']"
"['network monitors contracting', 'incentives networked systems', 'internet needs contracts', 'monitors contracting systems', 'network competition', 'network innovation', 'network accountability', 'contracting systems competition', 'network industry', 'routing contracting systems']"
"['weapon sensor', 'acoustic sniper localization', 'classify weapon sensor', 'counter sniper systems', 'acoustic counter sniper', 'weapon estimation accuracy', 'soldierwearable mobile countersniper', 'networked shooter localization', 'shooter localization', 'bullet trajectory sensor']"
"['scheduling workflow web', 'web service workflow', 'scheduling web service', 'web services workflows', 'workflows web service', 'services composed workflows', 'workflow web service', 'services workflows', 'scheduling service requests', 'service workflow systems']"
"['design education mac', 'education mac', 'design student computer', 'mac os', 'mac', 'os mac', 'xgrid mac', 'apple mac', 'apple academic', 'suite mac']"
"['availability latency zebroids', 'availability latency carrier', 'availability latency policy', 'improvements availability latency', 'minimizing availability latency', 'improve availability latency', 'weighted availability latency', 'availability latency analysis', 'availability latency employing', 'availability latency study']"
"['native pda browsers', 'native pda browser', 'mobile web applications', 'pda screen client', 'mobile native browsers', 'screen client', 'pda screen platforms', 'pda web browsers', 'pdas web browsers', 'pthinc native web']"
"['maximizing sensor nodes', 'sensor nodes distributed', 'sensor nodes grouped', 'grouping wireless sensor', 'maximizing sensor node', 'sensor grouping scheme', 'group sensing neighbor', 'group sensing neighbors', 'neighboring nodes sensing', 'group sensor nodes']"
"['incremental gossip protocols', 'incremental gossip protocol', 'improvements incremental gossip', 'protocols gossip based', 'gossip based protocols', 'gossip coordinated spectrum', 'opportunistic spectrum sharing', 'protocols gossip', 'radios protocols', 'nodes radios protocols']"
"['communication middleware', 'message oriented middleware', 'messaging middleware', 'asynchronous communication environments', 'protocol middleware', 'asynchronous messaging', 'supports asynchronous communication', 'middleware primitives communication', 'middleware systems', 'middleware mobile environments']"
"['heterogeneous idss intrusion', 'idss intrusion detection', 'intrusions grid environment', 'grid intrusion detection', 'intrusions grid', 'heterogeneous idss processing', 'distributed intrusion', 'intrusion detection integrating', 'distributed intrusion detection', 'intrusion detection components']"
"['service events correlation', 'service event correlation', 'event correlation service', 'correlation service events', 'service oriented correlation', 'serviceoriented event correlation', 'correlation service event', 'correlation service oriented', 'correlated service events', 'service events correlated']"
"['predecessor events protocols', 'distributed computation events', 'events distributed computation', 'immediate predecessors distributed', 'track causality concurrency', 'observer distributed computation', 'causal dependencies concurrency', 'causality concurrency', 'causality concurrency events', 'distributed computations']"
"['autonomous components', 'smart components', 'software based components', 'suitable smart components', 'sensors smart components', 'autonomous components composed', 'smart sensor component', 'autonomous components cooperate', 'cooperating smart components', 'sensor actuator interoperability']"
"['p2p systems manets', 'hoc networks design', 'routing load balancing', 'discovery load balancing', 'load balancing achieved', 'ad hoc networks', 'manet routing algorithms', 'manets p2p', 'networks manets', 'load balancing techniques']"
"['operations context based', 'operation context proposed', 'operation contexts operations', 'operation context theory', 'operation context facilitate', 'operation context notion', 'operation context', 'context original operations', 'operation contexts', 'operations undoing']"
"['techniques caching database', 'adaptive database cache', 'alternative approaches caching', 'database caching web', 'caching solutions throughput', 'data cache web', 'useful data cache', 'data intensive web', 'database caching', 'approaches caching']"
"['energy harvesting framework', 'feasibility energy harvesting', 'model energy harvesting', 'harvesting energy environment', 'cycling energy harvesting', 'applicable energy harvesting', 'energy harvesting', 'management energy harvesting', 'energy harvesting sensor', 'harvesting sensor networks']"
"['pervasive document management', 'pervasive document editing', 'collaborative document processing', 'pervasive collaborative document', 'sophisticated document management', 'collaborative document editing', 'pervasive editing management', 'document editing management', 'data document management', 'document management']"
"['replica selfish servers', 'replicas selfish servers', 'selfish servers model', 'distributed selfish servers', 'networked selfish servers', 'replicas nash equilibrium', 'networks selfish servers', 'nash equilibrium replica', 'selfish servers', 'servers incentive replicate']"
"['distributed adaptive resource', 'adaptive services edas', 'decentralized adaptive service', 'systems distributed applications', 'distributed applications', 'decentralized adaptive services', 'service grid infrastructure', 'edas environment decentralized', 'adaptive services', 'adaptive service service']"
"['regularized clustering documents', 'regularized clustering', 'regularized clustering methods', 'regularization data clustering', 'regularizer method clustering', 'document clustering cluster', 'novel document clustering', 'regularizer algorithm clustering', 'document clustering', 'document clustering methods']"
"['image retrieval relevance', 'retrieval labeled images', 'results image retrieval', 'relevance feedback image', 'classifier relevance feedback', 'feedback image retrieval', 'optimal classifier relevance', 'retrieval relevance feedback', 'effectiveness image retrieval', 'learning image retrieval']"
"['efficient generation snippets', 'searchers accurate snippets', 'snippet generation performance', 'fast snippet generation', 'cache snippet generation', 'informative snippets search', 'query biased snippets', 'snippet generation algorithms', 'snippet generation caching', 'cache store sentences']"
"['captions web search', 'web search captions', 'search captions results', 'search result captions', 'search captions', 'web search behavior', 'web search results', 'queries caption characteristics', 'captions relevance assessed', 'pages captions relevance']"
"['web search interactions', 'popular search queries', 'web search interaction', 'exploratory searches users', 'search results destinations', 'search engine interactions', 'search destination suggestions', 'web searching trends', 'compared suggestion destinations', 'popularity web search']"
"['caching search engines', 'caching efficient query', 'caching search engine', 'caching queries', 'efficient caching', 'caching query answers', 'search engines caching', 'caching answers queries', 'queries caching', 'query answers caching']"
"['search engines prune', 'prune index documents', 'document pruned indexes', 'pruned index guarantee', 'results pruned index', 'pruning information retrieval', 'index document pruned', 'document pruning index', 'pruned index approach', 'document pruned index']"
"['topic segmentation shared', 'shared topic detection', 'topic detection multidocument', 'document topic segmentation', 'detection topic segmentation', 'topic tracking', 'topic detection tracking', 'information topic segmentation', 'topic segmentation optimization', 'topic segmentation documents']"
"['periodic event detection', 'features periodic event', 'event periodicity classification', 'periodic features bursts', 'analyzing word trajectories', 'similarity periodic features', 'detecting periodic features', 'classify word features', 'categorize word features', 'identifying bursts features']"
"['personalized query expansion', 'personalized retrieval engine', 'keywords query expansion', 'personalized search results', 'approaches personalize search', 'query expansion keywords', 'personalized web search', 'personalized retrieval', 'personalized search algorithms', 'keywords personalized']"
"['detection news indexing', 'tracking news events', 'news indexing tree', 'detection news', 'indexing tree news', 'news indexing', 'proposed news indexing', 'based news indexing', 'using news indexing', 'entities based news']"
"['classification rare queries', 'improving query classification', 'web query classification', 'improve query classification', 'query classification compared', 'query classification performance', 'small query classification', 'findings query classification', 'query classification', 'automatic query classification']"
"['users advanced searchers', 'advanced searchers querying', 'search characteristics users', 'novice searchers user', 'engine users search', 'experienced users searching', 'users successful searches', 'web search interaction', 'users advanced search', 'search engine users']"
"['term relevance feedback', 'terms relevance feedback', 'retrieval language models', 'retrieval language modeling', 'retrieval retrieval models', 'relevance feedback terms', 'term feedback relevance', 'information retrieval language', 'relevance based language', 'information retrieval feedback']"
"['map performance svm', 'ranking svm', 'ranking svm document', 'svm document retrieval', 'ranked retrieval systems', 'achievable accuracy ranking', 'best retrieval functions', 'score retrieval', 'svm optimizing', 'map svm']"
"['models relevance feedback', 'relevance feedback methods', 'relevance feedback information', 'pseudo relevance feedback', 'relevance feedback based', 'relevance feedback', 'relevance feedback using', 'improving retrieval feedback', 'models retrieval estimating', 'retrieval feedback']"
"['query contexts', 'query contexts information', 'using query contexts', 'query specific contexts', 'context query factors', 'information retrieval context', 'contexts query context', 'query factors context', 'contexts information retrieval', 'specify contexts query']"
"['retrieval concept expansion', 'concept query expansion', 'query expansion relevance', 'modeling query expansion', 'expansion relevance models', 'modeling information retrieval', 'information retrieval generalization', 'retrieval document expansion', 'retrieval generalization relevance', 'improvements relevance modeling']"
"['poisson retrieval models', 'multinomial retrieval models', 'poisson multinomial retrieval', 'models multinomial retrieval', 'poisson retrieval model', 'probabilistic retrieval models', 'different retrieval models', 'retrieval multinomial distribution', 'retrieval models', 'models retrieval smoothing']"
"['definitional question answering', 'question answering', 'answering definitional questions', 'definitional answers topics', 'answering models interestingness', 'definitional answers using', 'definitional questions identification', 'identifying definitional answers', 'question answering systems', 'answering definitional question']"
"['adarank boosting', 'learning ranking', 'learning ranking models', 'ranking learning', 'retrieval learning rank', 'rank document retrieval', 'adarank ranking', 'approach ranking learning', 'learning rankings', 'performance adarank task']"
"['spam detection svms', 'svms spam filtering', 'spam svms', 'spam online svms', 'svms spam detection', 'online svms spam', 'svms spam', 'vector machines spam', 'svms online spam', 'svms perform spam']"
"['diffusionrank ranking', 'pagerank heat', 'diffusionrank pagerank', 'spamming diffusionrank', 'pagerank interesting heat', 'pagerank diffusionrank', 'pagerank heat diffusion', 'diffusionrank', 'propose diffusionrank', 'algorithm diffusionrank']"
"['personal information management', 'managing finding information', 'personal information retrieval', 'users manage information', 'evaluating personal information', 'manage information', 'maintain personal information', 'information management evaluations', 'concerning personal information', 'information management tools']"
"['lingual query suggestion', 'crosslanguage information retrieval', 'query language suggest', 'monolingual query suggestion', 'cross lingual query', 'monolingual query suggestions', 'lingual query similarity', 'language query term', 'lingual query expansion', 'cross language query']"
"['effectiveness pagerank hits', 'pagerank effective web', 'effectiveness pagerank', 'ranking web search', 'pagerank hits algorithms', 'pagerank hits', 'hits pagerank', 'ranking web', 'hyperlink analysis ranking', 'pagerank success']"
"['topics graph analyzed', 'systems topics graph', 'topics graph compute', 'topic systems perform', 'topics hubness systems', 'network analysis measures', 'graph trec systems', 'network analysis indicators', 'social network analysis', 'topics graph']"
"['content link classification', 'link classification using', 'link classification', 'links factorizations', 'categorization using hyperlinks', 'link matrix factorization', 'link analysis based', 'content matrix factorization', 'web page classification', 'linkcontent supervised matrix']"
"['temporal text indexing', 'temporal text index', 'text indexing time', 'efficient search', 'search temporal coalescing', 'indexing time', 'indexing documents', 'documents temporal databases', 'scalable temporal text', 'time download indexed']"
"['web queries prediction', 'retrieval performance prediction', 'performance web search', 'predicting retrieval performance', 'retrieval query performance', 'predicting query performance', 'query performance prediction', 'web retrieval', 'web retrieval technique', 'web retrieval query']"
"['broad expertise retrieval', 'lot expertise retrieval', 'expertise retrieval', 'expertise retrieval tasks', 'main expertise retrieval', 'expertise retrieval generalize', 'useful expertise retrieval', 'expertise retrieval needs', 'focused expertise retrieval', 'expertise retrieval setting']"
"['ads contextual advertising', 'contextual ads', 'contextual advertising ads', 'ads contextual', 'advertising context match', 'context match advertising', 'matching contextual advertising', 'advertising contextual', 'contextual ads relevance', 'advertising contextual advertising']"
"['query expansion techniques', 'term mismatch queries', 'evaluating query expansion', 'automatic query expansion', 'query term documents', 'documents query terms', 'query expansion based', 'query expansion comparing', 'systems query expansion', 'query expansion feedback']"
"['retrieval performance prediction', 'predicting retrieval performance', 'documents predict retrieval', 'predicting retrieval', 'retrievals predict ranking', 'retrievals predict retrieval', 'retrievals predict', 'retrievals systems predictors', 'consistent retrievals predict', 'retrieval predictors']"
"['feedback passage retrieval', 'incremental relevance feedback', 'user passage ranking', 'automatic retrieval', 'twelfth text retrieval', 'feedback retrieval models', 'passage ranking', 'passage retrieval', 'novelty text retrieval', 'relevance feedback retrieval']"
"['ranking documents', 'ranking contain documents', 'rank aggregation approaches', 'ranking different documents', 'rank aggregation methods', 'documents ranking', 'ranked documents', 'ranked retrieval', 'document ranking', 'ranking documents texts']"
"['query terms spoken', 'vocabulary speech indexing', 'speech data queries', 'terms spoken data', 'spoken data retrieval', 'approaches speech indexing', 'query phonetic transcripts', 'phonetic transcripts retrieval', 'transcripts query terms', 'spoken term detection']"
"['search engine stemming', 'web search stemming', 'search stemming approach', 'sensitive query stemming', 'query processing stemming', 'search stemming', 'processing stemming indexing', 'stemming web search', 'query stemming', 'stemming query reformulation']"
"['conceptual retrieval domain', 'retrieval biomedical literature', 'conceptual retrieval systems', 'conceptual retrieval study', 'study conceptual retrieval', 'concepts retrieval concept', 'concepts retrieval', 'intensive conceptual retrieval', 'retrieval study domain', 'biomedical information retrieval']"
"['probabilistic retrieval model', 'probabilistic retrieval models', 'retrieval probabilistic', 'probabilistic weighted retrieval', 'probabilistic retrieval', 'information retrieval models', 'probabilistic retrieval approaches', 'probability probabilistic retrieval', 'probabilities probabilistic retrieval', 'retrieval probabilistic inference']"
"['associating ads web', 'web advertising', 'ads regard web', 'advertising search engines', 'techniques web advertising', 'content targeted advertising', 'associating relevant ads', 'information matching ads', 'web pages ads', 'targeted advertising keywords']"
"['modeling personalized search', 'model personalized search', 'personalized search agent', 'personalized web search', 'personalized search studied', 'modeling interactive retrieval', 'modeling information retrieval', 'retrieval implicit user', 'personalized search', 'specific retrieval models']"
"['indexing broadcast data', 'indexing schemes broadcasting', 'index data broadcast', 'indexing information dissemination', 'data location broadcast', 'indexing broadcast', 'wireless data dissemination', 'broadcast data locations', 'wireless broadcast data', 'data dissemination']"
"['complex digital libraries', 'learning information architecture', 'finding governmental information', 'automatic concept identification', 'retrieval digital libraries', 'retrieval data structures', 'information architecture discovery', 'classify documents', 'classification web content', 'details concept discovery']"
"['ranking web objects', 'web object ranking', 'ranking web', 'rank web objects', 'results ranking photos', 'ranking photos', 'photo ranking', 'object ranking algorithms', 'maximal ratings web', 'object ranking']"
"['recommendation learns user', 'modeling recommendation systems', 'user modeling recommendation', 'modeling recommendation', 'learning user profiles', 'personalized recommendations users', 'user profile learning', 'learn user models', 'recommendation learns', 'recommendation systems']"
"['retrieval resource selection', 'distributed information retrieval', 'document retrieval selection', 'centralized retrieval', 'information retrieval known', 'distributed document retrieval', 'information retrieval algorithms', 'information retrieval', 'selection document retrieval', 'document retrieval targets']"
"['automatic extraction titles', 'document title extraction', 'titles extractions', 'title extraction research', 'automatic title extraction', 'title extraction based', 'successful title extraction', 'consider title extraction', 'title extraction', 'title extraction approach']"
"['pagerank machine learning', 'pagerank features', 'pagerank static features', 'better pagerank', 'features pagerank', 'pagerank pairwise accuracy', 'better pagerank pairwise', 'ranking web pages', 'accuracy pagerank', 'pagerank ranks']"
"['evaluating retrieval systems', 'effectiveness evaluating retrieval', 'retrieval evaluation', 'evaluating retrieval', 'relevance judgments evaluation', 'evaluation information retrieval', 'evaluate relevance judgments', 'acquiring relevance judgments', 'reuse relevance judgments', 'accumulating relevance judgments']"
"['retrieval various distance', 'descriptors retrieval applications', 'descriptors distance measurement', 'descriptors recommended distance', 'descriptors distance', 'descriptors retrieval', 'basic descriptors retrieval', 'distance measures descriptor', 'descriptor distance measure', 'information retrieval seen']"
"['web hidden search', 'automatic hidden web', 'hidden web crawlers', 'web crawling', 'effective hidden web', 'search hidden web', 'approach hidden web', 'hidden web crawler', 'web crawler simplicity', 'hidden web search']"
"['global pagerank estimation', 'accelerating pagerank', 'global pageranks care', 'global pageranks', 'global pagerank', 'local pageranks', 'approximate global pageranks', 'approximating global pageranks', 'accelerating pagerank computation', 'local pageranks approximate']"
"['identifying topics events', 'news topic event', 'event threading news', 'threading events news', 'modeling news topics', 'events dependencies news', 'events topic constructing', 'topic event models', 'events news topic', 'threading news topics']"
"['predicting web search', 'predict web search', 'user search interactions', 'search users predict', 'user relevance judgments', 'predicting relevance preference', 'interacting web search', 'predicted relevance preferences', 'predict relevance preferences', 'predicts clicked results']"
"['trec11 relevance feedback', 'evaluation topic tracking', 'adaptive filtering relevance', 'evaluations topic tracking', 'conventional topic tracking', 'adaptive rocchio relevance', 'topic tracking relevance', 'learning filtering documents', 'performance cross corpus', 'tracking relevance feedback']"
"['xml retrieval evaluation', 'xml retrieval', 'xml information retrieval', 'retrieval xml documents', 'xml retrieval results', 'information retrieval xml', 'evaluation xml retrieval', 'hybrid xml retrieval', 'retrieval xml', 'oriented xml retrieval']"
"['search results clustering', 'cluster web search', 'search engine clustering', 'search retrieval clustering', 'clustering search engine', 'search results cluster', 'clustering search results', 'clustering useful search', 'search results clusters', 'results clustering search']"
"['information retrieval models', 'retrieval retrieval models', 'information retrieval language', 'existing retrieval models', 'information search retrieval', 'retrieval accuracy relevance', 'retrieval models retrieval', 'information retrieval performance', 'improve information retrieval', 'retrieval models']"
"['web search evaluation', 'web search behaviors', 'predicting web search', 'ranking web search', 'web search ranking', 'feedback web search', 'improving web search', 'ranking search results', 'web search features', 'ranked web search']"
"['queries referenced places', 'queries geographical references', 'location references search', 'locations search engine', 'geographical references queries', 'location based searches', 'geographical query references', 'locations search queries', 'handling locations search', 'queries geographical reference']"
"['implicit relevance feedback', 'implicit relevance information', 'information retrieval behavior', 'search relevance information', 'retrieval performance relevance', 'information searchers interact', 'search relevance', 'relevance assessments search', 'relevance devised search', 'search feedback interaction']"
"['text classification action', 'mails containing action', 'mails action items', 'mail learning tasks', 'action item detection', 'classify email', 'spam detection action', 'detecting items mail', 'mail list classification', 'mails action']"
"['text classifiers probability', 'estimates text classifiers', 'classifiers probability estimates', 'text classifier probability', 'bayes text classification', 'text classifiers', 'classifier probability estimates', 'improve classifier probabilities', 'training text classifiers', 'bayesian classifiers']"
"['agent aborting tasks', 'aborting abstract agent', 'agent abort processing', 'agent action aborting', 'aborts abstract agent', 'agent aborting', 'agent abort', 'tasks bdi agents', 'abort task approach', 'agent abort request']"
"['agent incremental learning', 'agent concept learner', 'multiagent incremental learning', 'agent concept learning', 'incremental multi agent', 'learned multi agent', 'multi agent concept', 'learning multiple agents', 'soundmulti agentincremental learning', 'knowledges shared agents']"
"['agent future behavior', 'predict agent behavior', 'agent external behavior', 'agent future actions', 'behavior driven agent', 'agent behaviors', 'predict agent future', 'agent behavior', 'reasoning agent actions', 'agent internal state']"
"['estimations environments agent', 'user observations agents', 'data collected agents', 'information collected agents', 'environments sparse data', 'agents collecting data', 'agents data based', 'agent data estimating', 'collaborate environments agents', 'agent observations estimations']"
"['search peer peer', 'distributed search protocol', 'peer information retrieval', 'search peer', 'distributed search sessions', 'distributed search', 'distributed search process', 'search processes peer', 'distributed search processes', 'distributed information retrieval']"
"['searching agents network', 'dynamic networks agents', 'large networks agents', 'searching agents', 'agents search gather', 'routing queries agents', 'enables agents search', 'networks agents gather', 'network efficient information', 'networks agents tuned']"
"['bluscreen advertising bidding', 'devices bidding agent', 'auction mechanism advertising', 'advertising bidding strategy', 'auction advertising', 'advertising bidding', 'auctions allocate advertising', 'auctions bidding agents', 'agents bluscreen advertising', 'bidding agents approaches']"
"['planning satellite swarm', 'tasks satellite swarm', 'satellite swarm problem', 'collaboration satellite swarm', 'satellite swarm communication', 'satellite swarms sets', 'satellite swarm simulations', 'swarm satellite swarm', 'developed satellite swarms', 'satellite swarm']"
"['determination simultaneous auctions', 'analysis simultaneous auctions', 'simultaneous auctions', 'auctions simultaneous auctions', 'auctions global bids', 'auctions global bidders', 'global bidder auction', 'auction optimal', 'simultaneous auctions segmented', 'auction theory']"
"['weighted voting games', 'agent voting power', 'power weighted voting', 'weighted majority games', 'edges coalition agents', 'power indices game', 'game coalition edges', 'agents network flow', 'voting power indices', 'agent network flow']"
"['market barriers communication', 'market barriers agents', 'barriers word mouth', 'market barriers model', 'interactions market barriers', 'network word mouth', 'word mouth communication', 'perceived market barriers', 'mechanism word mouth', 'market barriers ability']"
"['agent cognitive load', 'shared mental modeling', 'shared mental model', 'cognitive model agent', 'shared mental models', 'agent cognitive model', 'cognitive loads team', 'implemented cognitive agent', 'agent cognitive', 'cognitive load modeling']"
"['parallel economic search', 'economic search distributed', 'parallel search equilibrium', 'strategies parallel search', 'economic search theory', 'economic search models', 'parallel search partnership', 'economic search partnerships', 'sided economic search', 'search equilibrium']"
"['schedule distributed agents', 'distributed scheduling agents', 'scheduling agents ability', 'agents effective scheduling', 'schedule temporal constraints', 'distributed schedule management', 'scheduling agents', 'agents schedules implemented', 'agent schedules coordinating', 'schedules multiple agents']"
"['agents distributed network', 'distributed network complexity', 'agent social network', 'tasks social network', 'social network agents', 'agent organized networks', 'social network tasks', 'distributed task', 'distributed task allocation', 'allocation social networks']"
"['judgment aggregation logics', 'judgment aggregation logic', 'logic judgment aggregation', 'reasoning judgment aggregation', 'logic preference aggregation', 'judgment preference aggregation', 'preference aggregation logic', 'judgment aggregation preference', 'principles judgment aggregation', 'preference aggregation judgment']"
"['agents adversarial environment', 'agent adversarial environment', 'utility rational agents', 'single adversarial agent', 'adversarial agent consider', 'building adversarial agents', 'adversarial agents explore', 'adversarial environment axioms', 'agents adversaries models', 'sum adversarial environment']"
"['institution specification describing', 'considered institution specification', 'institutional specification', 'institution specification', 'rudimentary institutional specifications', 'specification consider institution', 'institutional specification containing', 'occurring institution specification', 'formal approaches institutions', 'structuring specification institution']"
"['openness virtual organizations', 'governed virtual organizations', 'regulated virtual organizations', 'virtual organization', 'virtual organizations realised', 'virtual organizations', 'concerns virtual organization', 'different virtual organizations', 'virtual organizations situations', 'virtual organizations achieved']"
"['agents norms', 'agent norms', 'agents norms institutions', 'agent norms expressed', 'distributed enforcement norms', 'norm obligation agent', 'distributed management norms', 'autonomous agents norms', 'norm aware agent', 'workshop agents norms']"
"['learning systems agents', 'learning algorithm agent', 'agents meta learning', 'agentbased data mining', 'agentbased learning systems', 'learning agents approaches', 'distributed learning architectures', 'meta learning distributed', 'learning agents using', 'distributed machine learning']"
"['combinatorial auction algorithms', 'distributed combinatorial auction', 'pause auction algorithms', 'algorithms combinatorial auctions', 'auction functioning algorithms', 'auctions presented algorithms', 'combinatorial auctions coordination', 'auction algorithms', 'auction algorithms shown', 'combinatorial auction bidders']"
"['negotiations multiple agents', 'individual agent negotiation', 'negotiation strategies agents', 'agent negotiation chain', 'agent global negotiation', 'negotiation agents tasks', 'agents negotiation chain', 'negotiation agent negotiation', 'singleagent concurrent negotiation', 'negotiation phase agents']"
"['distributed pseudotree optimization', 'pseudotree generation heuristics', 'pseudotrees heuristic', 'pseudotree heuristic heuristics', 'pseudotree heuristic', 'pseudotrees consider heuristics', 'pseudotree common heuristic', 'heuristics better pseudotrees', 'heuristics generate pseudotrees', 'produce pseudotrees heuristic']"
"['planning control stochastic', 'probabilistic planning', 'planning stochastic environments', 'planning stochastic', 'planning related stochastic', 'approach planning control', 'planning control agent', 'planning control', 'planning control approach', 'control markovian environment']"
"['commitment based agent', 'commitment machines language', 'agent programming language', 'agent interactions commitment', 'commitments agents', 'commitment machine framework', 'commitment machines framework', 'commitment machine implementations', 'agent programming languages', 'bdi agent programming']"
"['temporal logic specifications', 'logics multi agent', 'temporal logics', 'model checking agents', 'temporal logic', 'logic reasoning agents', 'languages models logics', 'temporal strategic logics', 'using temporal logic', 'time temporal logic']"
"['agent programming languages', 'agent oriented programming', 'agent architectures languages', 'agent oriented software', 'agent oriented language', 'semantics multiagent interactions', 'agent programming', 'agent based abstractions', 'multi agent programming', 'framework inter agent']"
"['normative systems agents', 'normative systems games', 'normative systems game', 'normative model agent', 'logic normative systems', 'agent goal hierarchy', 'agent goals hierarchy', 'properties normative games', 'consider normative games', 'goal agent computation']"
"['multi issue negotiation', 'multilateral negotiation problem', 'multilateral negotiation negotiation', 'multi issue negotiations', 'based multiagent negotiation', 'multilateral negotiation', 'multiagent negotiation', 'multiagent negotiation strategy', 'negotiation multilateral', 'multilateral negotiation setting']"
"['distributed agents', 'agent distributed', 'agent distributed technique', 'distributed multiagent', 'agent environment distributed', 'distributed resource management', 'distributed resource allocation', 'multiagent computing', 'shared resource agents', 'balancing distributed multiagent']"
"['temporal logic', 'plausibility temporal framework', 'temporal plausibility based', 'time temporal logic', 'epistemic temporal reasoning', 'logics time knowledge', 'notion plausibility logic', 'belief plausibility framework', 'ctl epistemic logic', 'temporal reasoning']"
"['argumentation learning agents', 'agents participating argumentation', 'agents learning argumentation', 'argumentation multi agent', 'agents engage argumentation', 'agent participating argumentation', 'argumentation composed agents', 'agents argumentation process', 'argumentation agents', 'agents engaging argumentation']"
"['argumentation based negotiation', 'argumentation negotiation theory', 'negotiation argumentation based', 'argumentation integrated negotiation', 'based negotiation argumentation', 'negotiation like argumentation', 'argumentation negotiation dialogues', 'argumentation theory negotiation', 'negotiation argumentation', 'agents argumentative negotiation']"
"['complex voting games', 'shapley value voting', 'shapley value game', 'games polynomial time', 'games shapley value', 'game time complexity', 'voting game method', 'algorithm shapley', 'complexity doing voting', 'solutions voting games']"
"['negotiation multi agent', 'multi issue negotiation', 'negotiation issue agents', 'individual issue negotiation', 'problem agents negotiate', 'single issue negotiation', 'issue negotiation agents', 'issues negotiation agents', 'problem solving negotiation', 'negotiation indivisible issues']"
"['computerized negotiation', 'multi attribute negotiation', 'gains automated negotiations', 'negotiation analysis operations', 'negotiation involve mechanisms', 'decision negotiation', 'automated negotiation coalition', 'technologies automated negotiation', 'automated negotiation', 'automated negotiations']"
"['constraints automated negotiation', 'negotiation distributed constraint', 'distributed constraint satisfaction', 'concepts automated negotiation', 'shared constraints agents', 'automated negotiation negotiation', 'automated negotiation solution', 'automated negotiation', 'constraint satisfaction framework', 'distributed constraint algorithms']"
"['dimensional probabilistic trust', 'probabilistic trust', 'trust estimate agents', 'computational trust deals', 'computational trust models', 'probabilistic trust model', 'computational trust agent', 'principled computational trust', 'trust estimates agent', 'multi dimensional trust']"
"['optimal strategy security', 'mixed strategy adversaries', 'strategy adversaries', 'strategy security agent', 'security agent strategy', 'strategy security', 'simple strategies security', 'games uncertain adversaries', 'mixed strategy security', 'strategy adversaries observe']"
"['user agents privacy', 'privacypreserving recommender', 'agent based privacy', 'agent recommender', 'multi agent recommender', 'privacy recommendations propagated', 'recommendations propagated privacy', 'collaborative filtering privacy', 'privacy information filtering', 'agents privacy']"
"['agent communication language', 'semantics agent communication', 'agents intended semantics', 'semantics allow agent', 'agent communication languages', 'semantics individual agents', 'agents mentalistic semantics', 'verifiable semantics agent', 'dynamic semantics agent', 'formalising agent']"
"['vehicular networks agents', 'agent vehicular networks', 'agents vehicular networks', 'agents cars network', 'agent vehicular', 'agents vehicular', 'cars passing network', 'agent reach cars', 'vehicular networks', 'vehicular networks behavior']"
"['air traffic management', 'traffic flow agents', 'adaptive air traffic', 'management air traffic', 'model air traffic', 'complex air traffic', 'air traffic flow', 'traffic flow management', 'air traffic congestion', 'air traffic optimization']"
"['resources optimal allocation', 'optimal allocation resources', 'solving resource allocation', 'allocation problem resources', 'ai resource allocation', 'decomposition resource allocation', 'resource allocation problems', 'stochastic resource allocation', 'resource allocation problem', 'resource allocation task']"
"['scheduling multiagent mdps', 'scheduling problem agents', 'scheduling problems agents', 'scheduling multiagent', 'resource scheduling agents', 'scheduling agents', 'combinatorial resource scheduling', 'scheduling problem formulation', 'optimal resource scheduling', 'mdps resource scheduling']"
"['organization self design', 'organizational structure agents', 'agents organizational design', 'organizational structures agents', 'organizational design multiagent', 'organizational self design', 'static organizational structure', 'organizational structures runtime', 'organizational primitives agent', 'agent organizational']"
"['interactive pomdps generalize', 'interactive pomdps using', 'graphical representations pomdps', 'interactive pomdps', 'solutions interactive pomdps', 'decision processes pomdps', 'analogous pomdps agent', 'computational representations pomdps', 'computational counterparts pomdps', 'agent pomdp framework']"
"['solutions distributed pomdps', 'distributed pomdps', 'problems distributed pomdps', 'generation distributed pomdps', 'search distributed pomdps', 'distributed pomdp', 'distributed pomdps synthesis', 'iteration decentralized pomdps', 'execution distributed pomdps', 'solving decentralized pomdps']"
"['mdps heuristic solution', 'mdps heuristic', 'decentralized markov', 'algorithms dec mdps', 'mdps temporal constraints', 'mdp algorithms', 'decentralized mdps', 'decentralized control markov', 'mdp algorithms variety', 'mdp temporal constraints']"
"['commitments players extortion', 'extortionable conditional commitments', 'conditional commitments extortions', 'extortion conditional commitments', 'extortionable conditional commitment', 'commitments extortions', 'commitments definition extortions', 'players actions commitments', 'conditional commitments players', 'commitments extortions introduction']"
"['ontologies multi agent', 'ontology multi agent', 'dynamic ontologies tool', 'mining ontologies', 'dynamo overview ontology', 'building dynamic ontologies', 'dynamic ontologies', 'dynamic ontology management', 'mining ontologies text', 'dynamic ontologies seen']"
"['ontology matching mechanisms', 'alignment ontological entities', 'alignment ontological terminology', 'ontology matching', 'alignment ontological', 'ontology alignment', 'need ontology matching', 'systems ontology matching', 'ontology alignment meaning', 'agents respective ontologies']"
"['similarity available services', 'ontology negotiate service', 'similarity request consumer', 'semantic similarity services', 'similarity services offer', 'ontologies supporting negotiation', 'similarity services compare', 'similarity services', 'based ontology negotiation', 'similarity consumer']"
"['heterogeneous agent reputation', 'agent reputation models', 'agent reputation model', 'reputation models interoperability', 'agents associated reputation', 'reputation models agent', 'agents exchanging reputation', 'reputation model agent', 'reputation multi agents', 'ontology reputation models']"
"['inter agent dialogues', 'dialogues agents', 'agent dialogues', 'dialogues agents knowledge', 'dialogue determined agents', 'dialogue prevents agents', 'dialogue conforms protocol', 'agents make dialogue', 'dialogue corresponds argumentation', 'relevance enforces dialogue']"
"['agents global protocol', 'agent achieve consistency', 'agents lower protocols', 'consistency global protocol', 'agents protocol', 'agents protocol meet', 'consistency involved agents', 'reach consistency agents', 'protocol multi agent', 'mutual consistency agents']"
"['logic automated negotiation', 'abduction logic programming', 'proposals logic programming', 'negotiation logic programs', 'computing proposals logic', 'abductive logic programming', 'proposals abductive logic', 'automated negotiation agents', 'logic multi agent', 'agents construct proposals']"
"['logic introduce negotiation', 'negotiation encounters model', 'logic negotiation model', 'negotiation strategies', 'negotiation relationships', 'relationships negotiators', 'human negotiation modelling', 'achieve negotiation', 'negotiation model', 'negotiation modelling']"
"['protocol commitments agents', 'protocols agent reasoning', 'protocols autonomous agents', 'agents reason commitments', 'providing agents commitments', 'commitments modeling agent', 'agent interactions protocols', 'reasoning interaction protocols', 'enforce commitments agents', 'commitments agents']"
"['generalized trade reduction', 'trade reduction algorithms', 'trade reduction mechanism17', 'efficient auction mechanisms', 'trade reduction mechanisms', 'mechanism generalized trade', 'auction mechanisms', 'auctions competition reduction', 'reduction distributed markets', 'double auction mechanism']"
"['web product reviews', 'online reviews automated', 'online feedback reporting', 'online product reviews', 'users textual reviews', 'rating behavior users', 'behavior online feedback', 'online product ratings', 'reporting online feedback', 'online reviews reveal']"
"['graph optimal trade', 'auction desirable equilibrium', 'monopolized agents sellers', 'graph sellers traders', 'sellers trade intermediaries', 'auction mediated traders', 'equilibrium traders', 'free equilibrium traders', 'sellers pure equilibrium', 'graph buyers sellers']"
"['auctions item graphs', 'complexity combinatorial auctions', 'tractable combinatorial auctions', 'auction item graph', 'combinatorial auctions item', 'combinatorial auction item', 'auctions structured item', 'manageable combinatorial auctions', 'combinatorial auctions notion', 'combinatorial auctions known']"
"['theorem graphical games', 'nash equilibrium algorithms', 'games underlying graph', 'theorem graphical game', 'algorithm graphical games', 'best nash equilibrium', 'equilibria graphical games', 'bounded payoff games', 'graphical games bounded', 'computable nash equilibria']"
"['structured multiattribute auctions', 'auction additive preferences', 'practical multiattribute auctions', 'structure multiattribute auctions', 'abstract multiattribute auction', 'multiattribute auctions based', 'multiattribute auctions', 'based multiattribute auction', 'multiattribute auction mechanisms', 'multiattribute auctions accommodate']"
"['scheduling makespan minimization', 'multidimensional scheduling approximation', 'schedule makespan minimization', 'known multidimensional scheduling', 'approximation mechanisms scheduling', 'bound scheduling mechanisms', 'ideas multidimensional scheduling', 'scheduling approximation', 'guarantees multidimensional scheduling', 'multidimensional scheduling']"
"['auction existence mediator', 'mediator position auctions', 'mediators position auctions', 'mediator position auction', 'auction valid mediator', 'mediator auction', 'valid mediator auction', 'auction mediator discussed', 'auction let mediator', 'position auction mediator']"
"['auction vcg mechanism', 'auction vcg', 'redistribution vcg payments', 'vcg mechanism budget', 'incentives vcg mechanism', 'vcg redistribution mechanism', 'vcg redistribution mechanisms', 'redistribution vcg', 'auction positive surplus', 'total vcg redistribution']"
"['barter exchanges kidney', 'kidney exchange markets', 'algorithms barter exchange', 'algorithms barter exchanges', 'auctions handle kidney', 'donate kidneys marketplaces', 'nationwide kidney exchanges', 'kidney exchange market', 'kidneys marketplaces', 'exchanges kidney exchange']"
"['information markets projection', 'strategies information markets', 'markets projection game', 'markets modeled game', 'strategies market scoring', 'abstract information markets', 'projection game market', 'information markets modeled', 'information markets designed', 'betting markets information']"
"['auctioneer subset betting', 'subset betting auctioneer', 'general permutation betting', 'permutation betting', 'wagers permutation betting', 'betting permutations', 'betting auctioneer problem', 'betting matching', 'auctioneer pair betting', 'betting matching problems']"
"['vertex cover auctions', 'vertex cover auction', 'polynomial time auction', 'auctions vertex cover', 'auctions vertex', 'cost truthful auction', 'auction vertex', 'auction graph allocation', 'auction vertex cover', 'frugality path auctions']"
"['auctions compound securities', 'reasoning traders matching', 'alternative formulations auctioneer', 'auction generalizations', 'formulation auctioneer functions', 'combinatorial auction generalizations', 'sequential auctions compound', 'agents auctioneer optimization', 'matching securities', 'matching compound securities']"
"['controlled selfish agents', 'combinatorial agency models', 'selfish agents', 'combinatorial agency problem', 'selfish agents figure', 'agents optimal', 'combinatorial agency', 'agent systems', 'agent optimal', 'principal agent problem']"
"['learnability demand functions', 'feasibility demand forecasting', 'methods forecasts demand', 'function forecast demand', 'demand forecasting', 'complexity demand functions', 'demand forecast', 'forecast demand', 'demand forecast demand', 'forecasts demand']"
"['auction describing approximation', 'efficient approximatelystrategyproof auction', 'efficient combinatorial auctions', 'optimal auction', 'efficient auction mechanism', 'efficient auction', 'auction determine allocation', 'auction design mathematics', 'auction problem scheme', 'optimal auction design']"
"['randomized bidding strategies', 'auctions searchbased advertising', 'auction bidding optimization', 'strategy randomizing bidding', 'search auctions advertiser', 'bidding strategy randomized', 'sponsored search auctions', 'randomized bidding', 'randomized bids', 'uniform bidding strategies']"
"['actions optimal mechanism', 'optimal mechanism actions', 'optimal action mechanism', 'optimal mechanisms action', 'mechanism optimal action', 'optimal mechanisms players', 'specified optimality mechanisms', 'optimal mechanisms restriction', 'optimality mechanisms', 'opposed optimal mechanisms']"
"['optimal strategies commit', 'strategies bayesian games', 'commitment bayesian games', 'bayesian games leader', 'bayesian game leader', 'commitment strategy agents', 'optimal strategy leader', 'optimal strategy commit', 'strategy bayesian game', 'pure strategies corresponding']"
"['nash equilibria trees', 'nash equilibria graphs', 'complexity graphical games', 'computation nash equilibria', 'games arbitrary trees', 'graphical nash reduction', 'nash equilibria algorithm', 'games underlying graph', 'games trees revisited', 'equilibria graphical games']"
"['auctions assignment constraints', 'multiattribute auctions', 'research multiattribute auctions', 'discussions multiattribute auctions', 'multiattribute double auctions', 'double auctions assignment', 'computational properties auction', 'approach multiattribute auction', 'multi attribute auctions', 'example multiattribute auction']"
"['limit order markets', 'limit order trading', 'market maximum instability', 'limit order market', 'order market mechanism', 'stocks limit order', 'order markets', 'stock limit order', 'modern equity markets', 'order stability']"
"['scrip p2p networks', 'systems p2p networks', 'p2p network practicality', 'efficiency nash equilibria', 'nash equilibria scrip', 'systems p2p', 'scrip p2p', 'nash equilibrium agents', 'p2p networks', 'viability p2p networks']"
"['knowledge studied game', 'game omniscient knowledge', 'socratic games worlds', 'game theoretic', 'information classical game', 'studied game theory', 'socratic games models', 'game theoretic setting', 'unobservable socratic games', 'socratic game theory']"
"['isomorphism extensive games', 'game isomorphic abstraction', 'abstracted game correspond', 'games imperfect information', 'equilibrium abstracted game', 'algorithm explicit game', 'computational game theory', 'computing game theory', 'abstracted smaller game', 'isomorphisms ordered game']"
"['coalitional games attributes', 'attribute coalitional games', 'attribute coalitional game', 'multiattribute coalitional games', 'complexity coalitional game', 'coalitional game theory', 'coalitional games agents', 'coalitional game agents', 'model coalitional games', 'models coalitional game']"
"['auctions options approach', 'auction options', 'auctions options', 'option auction', 'electronic auction market', 'electronic auction', 'auctions option', 'online auctions options', 'options scheme auctions', 'auction option']"
"['revenue keyword auctions', 'optimal keyword auctions', 'keyword auctions analyze', 'optimal keyword auction', 'sponsored search auctions', 'rank revenue bidders', 'advertisements auctioning', 'keyword auctions', 'keyword auction bidders', 'actual keyword auctions']"
"['preserving evolutionary equilibria', 'evolutionary game theory', 'evolution theory games', 'classical evolutionary game', 'game networks preserving', 'evolutionary dynamics graphs', 'evolutionary equilibria', 'game theory networks', 'sources evolutionary game', 'evolutionary equilibria power']"
"['sponsored search auctions', 'analyses slot auctions', 'auction informational', 'slot auctions approach', 'auctions revenue ranking', 'slot auctions studied', 'secondprice slot auctions', 'slot auction allocation', 'slot auctions consider', 'various slot auction']"
"['viral marketing', 'conducive viral marketing', 'product viral marketing', 'products viral marketing', 'dynamics viral marketing', 'viral marketing question', 'marketing viral marketing', 'maximize viral marketing', 'candidates viral marketing', 'viral marketing product']"
"['make recommendations ratings', 'recommender ratings', 'ratings based recommender', 'recommendations ratings recommender', 'recommender monitoring', 'recommendations possible ratings', 'recommendations ratings', 'recommender performance metrics', 'ratings recommender', 'rating allows recommendations']"
"['empirical mechanism analysis', 'empirical mechanism design', 'procurement behavior measures', 'mechanism analysis models', 'mechanism design decisions', 'measures constraining procurement', 'particular procurement behavior', 'mechanism parameter outcome', 'procurement estimates based', 'estimating best mechanism']"
"['iterative combinatorial auctions', 'combinatorial auctions formulated', 'auctions computational', 'efficient combinatorial auctions', 'iterative combinatorial auction', 'combinatorial auctions', 'implementation combinatorial auctions', 'introduction combinatorial auctions', 'auction practical combinatorial', 'combinatorial auctions achieving']"
"['predictions information markets', 'prediction accuracy markets', 'accuracy information markets', 'pooled expert predictions', 'predictions opinion pools', 'predicted information markets', 'aggregate expert predictions', 'predictions pooled expert', 'individual experts polls', 'involving teams predictions']"
"['communication complexity voting', 'complexity voting rules', 'complexity voting rule', 'complexity common voting', 'communication protocols voting', 'protocols voting rules', 'voting rule bounds', 'complexity voting', 'voting rules studied', 'theorems voting procedures']"
"['complexity iterated dominance', 'games iterated dominance', 'games using dominance', 'strategy iterated dominance', 'strategy proof dominance', 'strategies iterated dominance', 'dominances pure strategies', 'games dominance iterated', 'weak dominance games', 'game notions dominance']"
"['routers selfish agents', 'hop networks actions', 'cooperation intermediate nodes', 'selfish intermediate nodes', 'hop network agents', 'agents forwarding behavior', 'incentivized forward packets', 'independent agents forwarding', 'intermediate nodes cooperate', 'nodes independent agents']"
"['distributed resource allocation', 'allocation equilibrium fairness', 'fair resource allocation', 'fairness allocation equilibrium', 'allocation shared clusters', 'fairness equilibrium allocation', 'efficiency fairness allocation', 'equilibrium allocation envy', 'resource sharing clusters', 'decentralized scheduling games']"
"['optimal competitive auction', 'optimal auction items', 'optimal auctions', 'competitive generalized auctions', 'optimal auction', 'auctions optimal auction', 'extended optimal auctions', 'auctions optimal', 'auction optimal', 'small optimal auction']"
"['auctions robust solution', 'auctions robust solutions', 'solutions robust auctions', 'robust auctions', 'auctions robust', 'optimal solutions auctions', 'solutions combinatorial auctions', 'solver combinatorial auctions', 'robustness various auction', 'solution combinatorial auction']"
"['coalitional game representation', 'coalitional games representation', 'algorithms coalitional games', 'abstraction coalitional games', 'agents coalitional games', 'arbitrary coalitional game', 'agents coalitional game', 'coalitional games assign', 'representing coalitional games', 'computations representation games']"
"['truthful mechanism allocation', 'binary optimization demand', 'binary demand games', 'binary demand game', 'truthful mechanism scheduling', 'games binary demand', 'optimization demand game', 'truthful mechanisms scheduling', 'binary optimization', 'demand game allocation']"
"['costs job scheduling', 'cost fairness axiom', 'jobs shapley value', 'job allocation rule', 'serveral axioms fairness', 'equitable cost allocations', 'sharing job scheduling', 'job shapley value', 'cost fairness', 'job allocation']"
"['decentralized mechanisms', 'mechanisms decentralized', 'incentive techniques peer', 'algorithms selfish agents', 'agents decentralized mechanisms', 'incentive compatible mechanisms', 'mechanism peer', 'decentralized incentive', 'decentralized mechanism', 'mechanism peer peer']"
"['exchange iterative bidders', 'iterative combinatorial auctions', 'bid combinatorial exchanges', 'iterative bidders', 'iterative auctions', 'practical combinatorial auction', 'combinatorial auction design', 'combinatorial auctions', 'combinatorial auction', 'auction practical combinatorial']"
"['weak monotonicity truthfulness', 'monotonicity suffices truthfulness', 'monotonicity truthful', 'monotonicity truthful paper', 'monotonicity truthfulness', 'monotonicity sufficient functions', 'monotonicity truthfulness examples', 'choice functions restricting', 'truthfulness convex domains', 'suffices convex domains']"
"['negotiation based mechanisms', 'incentive compatible negotiationrange', 'mechanisms based negotiation', 'negotiationrange mechanisms', 'negotiation range mechanisms', 'develop negotiationrange mechanisms', 'utility based negotiation', 'auction mechanism', 'auction mechanism buyer', 'heterogeneous negotiation']"
"['gratification privacy economics', 'privacy attitudes behavior', 'commerce privacy preferences', 'privacy economics', 'privacy attitudes', 'electronic commerce privacy', 'rational privacy behavior', 'model privacy attitudes', 'economic theory privacy', 'privacy psychological distortions']"
"['donation matching offers', 'donation matching', 'expressive negotiation donations', 'match donation matching', 'charity donate negotiation', 'negotiation donations charities', 'charities expressive bidding', 'donation negotiating', 'donation negotiating material', 'negotiation donations']"
"['online scheduling', 'considered online scheduling', 'real time scheduling', 'scheduling algorithm', 'algorithm scheduling jobs', 'scheduling', 'problem online scheduling', 'agent incentive delay', 'online scheduling jobs', 'incentive compatible agents']"
"['incentives p2p systems', 'incentive techniques peer', 'incentives p2p', 'peer peer incentive', 'peer incentive', 'incentives sharing peer', 'identity p2p systems', 'identities p2p systems', 'peer p2p systems', 'challenges p2p']"
"['interoperability diffusion', 'compatibility diffusion technologies', 'interoperability diffusion models', 'compatibility interoperability diffusion', 'diffusion technologies', 'diffusion model technologies', 'diffusion social networks', 'competing technologies', 'competing technologies example', 'technologies social networks']"
"['mechanisms combinatorial auction', 'preference aggregation mechanisms', 'designing optimal auctions', 'combinatorial auction design', 'preference aggregation mechanism', 'optimal auction design', 'outcomes preferences agent', 'optimal auctions combinatorial', 'consider combinatorial auction', 'setting optimal auction']"
"['market dpm mechanism', 'mechanism dpm market', 'continuous double auction', 'markets pari mutuel', 'pari mutuel markets', 'markets pari', 'mutuel market hedging', 'mutuel market ability', 'new market mechanism', 'mutuel market traders']"
"['elicitation combinatorial auction', 'algorithm combinatorial auctions', 'auctions problem learning', 'auction protocols learning', 'class combinatorial auction', 'combinatorial auctions theory', 'complexity combinatorial auctions', 'programming combinatorial auction', 'combinatorial auctions', 'mechanism combinatorial auctions']"
"['online trading algorithms', 'trading algorithms', 'trading online algorithms', 'algorithms stock trading', 'trading algorithm', 'vwap trading algorithms', 'theoretical online trading', 'trading algorithms varieties', 'algorithm trading', 'algorithm way trading']"
"['cheating auctions', 'auctions type cheating', 'auctions cheating', 'auction cheating', 'cheating auctions results', 'auction possibility cheating', 'auction cheating agents', 'cheating price auction', 'cheating auctions section', 'topic cheating auctions']"
"['connection game graphs', 'graphs strong equilibrium', 'equilibrium congestion games', 'symmetric connection game', 'strong equilibrium games', 'games strong equilibrium', 'graph strong equilibrium', 'equilibrium congestion game', 'strong equilibrium graph', 'network congestion games']"
"['information equilibrium price', 'markets computation distributed', 'market computation distributed', 'equilibrium information distributed', 'information equilibrium', 'markets computation', 'market mechanism security', 'equilibrium price security', 'market computation', 'information market trading']"
